id,user_name,rating,date,text,review_length,likes,photo_count,user_info,has_owner_reply,reply_text,scraped_date
1,تجارب شخصية,5,قبل سنة,"المطعم راقي وجلساته مريحة
فيه داخليه وخارجية
يتميز بالاكلات الشعبية
الخدمة مميزة
يتميز بالأكلات الشعبية وصراحة الطعم فاخر

الطلبات كانت
سلطة حب الهريس وزيت الزيتون
سلطة الحبحب
سمبوسة لحم غنم
كبيبة حائل
حنيذ عسيري مع رز
كباب ميرو
مبشور لحم غنم
سليق طائفي دجاج
مكرونة بشاميل بلحم الغنم

الحلويات
كرمبل التمر
محلى تارت",315,0,4,قبل سنة,لا,,2026-02-08
2,Muna Al-Razgan,5,قبل 3 سنوات,"مطعم رائق و جلسته روعه. الاكل لذيذ 🤤 و الخدمة سريعة. اعجبني الحنيذ العسيري و الجريش. لكن السليق الطائفي عادي ما انصح فيه. اعجبني رائحة البخور في المطعم. عصير النعناع و البطيخ كان جيد جداً.

A very nice restaurant and nice settings and the services is great & fast. We ordered hanieth, spicy jeresh. The saleeq was ok not that good. The watermelon 🍉 and mint juices are the best 👌😊",380,0,4,قبل 3 سنوات,لا,,2026-02-08
3,Lam,6,قبل سنة,"كل شي كان سيئ بالنسبه لي
طلبي منتو. فيه طعم شحم او مني عارفه ايش طعمه سيئ
مطبق نفس الشيئ فيه طعم وريحه ما قدرت اكل
سليق بالدجاج. اغرب سليق شفته وطعم الدجاج زفر
مبشور لحم اللحم في زفاره وزنخ بشكل

الاسعار مبالغ فيها جدا ولا يستحق هذا المبلغ لا الاكل ولا الخدمه.
ايضا الاسعار في المنيو بدون اضافة الضريبه وهذي مخالفه وين الوزاره عنهم

كل شئ في المطعم هذا ماعجبني ولا يمكن اكرر التجربة ولا انصح به.",395,0,4,قبل سنة,لا,,2026-02-08
4,O Canada,6,قبل سنة,"تجربه سيئة واسعار فيها استغفال للعميل.
طلباتي:
- حنيذ عسيري ب 170 ريال مع الضريبه 0/ 5 لحم اسود وكله شحم
- سليق بالدجاج: ب 120 ريال 0 / 5 ماله طعم وفوقه جناح دجاج. جريش الناضج او خمسه ريال احسن منه
- سلطه الجوف: ب 60 ريال 0 /5 عباره عن قطع طماط وخيار وفوقها زيتون ودبس الرمان.
-مانتو المدينه ب 80 ريال 5/3 يعتبر افضل طلب لكن كميه صغيره وسعره مبالغ فيه جدا
- عصير برتقال: 45 ريال 0/5 طعم سيئ و مو فريش ولونه غريب وطعمه قريب للتانج.",430,0,4,قبل سنة,لا,,2026-02-08
5,Sumayyah Khalid,4,تاريخ التعديل: قبل سنة,"المكان جميل جدا، جلسنا بالجلسات الخارجية. الاكل جيد واتوقعته صراحة افضل خصوصاً مع ارتفاع الاسعار.

شوربة بطاطس حلوة: لذيذة وفيها نكهة جوز هند مميزة، اذا رحت باطلبها ثاني.

كبيبة حائل: جيدة بس شوي حامضة بزيادة، مارح اطلبها ثاني.

لحم مقلقل: لذيذ بس عادي مافيه شي مميز على السعر، مارح اطلبه ثاني.

تمن حائل: لذيذ بس شوي الفلفل الاسود كثير فبيطلع حار على الاطفال.

منتو المدينة: لذيذ والصوص(لازا) اللي معاه لذيذ حتى مع الاطباق الثانية، باطلبه ثاني.

كبة حساوية: لذيذة ومقرمشة من برا لكن زيتها زايد وما حسيتها مميزة، مارح اطلبها ثاني.

عصير حبحب وعصير اناناس: عادي عصير طازج بدون اضافات وبدون حركات تقديم.

حلا كرمبل التمر: لذيذ كانه بسكوت مجروش بالهيل مقرمش وعليه اسكريم فانيليا وصوص توفي، لذيذ وفيه نكهة مميزة، باطلبه ثاني.",721,0,3,تاريخ التعديل: قبل سنة,لا,,2026-02-08
6,mnor S,3,قبل 3 سنوات,"وصلت المطعم اول العصر كان فاضي، الديكور جميل جداً سواءً المطعم او المجمع ككل ماخذ طابع تراثي انيق.
الجلسات الداخليه يعيبها ريحة الاكل، الخارجيه جميله لكن تحتاج نظافه اكثر.
الاسعار مباالغ فيها اتمنى يعيدون النظر.
كمية الاكل قليله الى متوسطه.
الطلبات:
جريش الرياض 10/10 لذييذ
تمّن حايل 7/10 ناقصه نكهة لاذعه
كبيبة حايل 8/10 جيده",326,0,4,قبل 3 سنوات,لا,,2026-02-08
7,Fatima Altamimi,5,قبل 3 سنوات,"مطعم سعودي رائع جداً يقدم الأطباق السعودية بطريقة مبتكرة … أجواء المطعم رايقة أخذنا غرفة Vip بطلة وفيها حمام خاص وكبيرة.. بس بشكل عام الأجواء والديكور خرافة ينفع تعزمون عليه أصحابكم الأجانب يتعرفون على فكرة الأكل السعودي بطريقة راقية 👏🏻👏🏻👏🏻
أخذنا من السلطات سلطة القرع لذيذة مرة والسمبوسة والكبة والمنتو والكبيبا طيبة مرة 👍🏻👍🏻 الأطباق الرئيسية طلبنا كبسة لحم وتمن ومرقوق .. الرز والتمن يفوووووز طبخ يفوق الوصف تحسه طبخ أمهات 👏🏻👏🏻👏🏻 تقهوينا بعد وأخذنا تشيز حنيني وتارت التمر وقهوة عربية طيبة بس لو يغيرون الدلة …",511,0,4,قبل 3 سنوات,لا,,2026-02-08
8,Saad,5,قبل سنة,المطعم كوزين اكلات سعودية تقليدية جربت مغش السمك الجيزاني وفرموزة جبن روعة بصراحة الطعم ولاغلطة بس يقولوا الحنيذ العسيري ممتاز ماجربته الاسعار مرتفعه قليلا,155,0,4,قبل سنة,لا,,2026-02-08
9,بنت عبدالعزيز,5,قبل سنتين,"السلام عليكم

بالنسبه لنجربه و تقيمي للمطعم

10/10
لكن يعيبه الاسعار.

او ممكن هو مخصص لاستقبال وفود من خارج المملكه
لتجربة الاكل النجدي
او جلسة عمل

الان سعار 🔥
الطعم 👌🏻
الخدمه سريعه
لا يوجد حواجز
يوجد موسيقى
لكن وقت دخولنا كان ع الاذان
فالحمدلله اكلنا و هم مسكرين الموسيقى
الطلبات :
كبسة دجاج 10/10 مع الطحينه
جريش الرياض 8/10
كبيبة حايل 10/10
منتو رهيييب مع الدقوس
الحساب 302 ريال",383,0,4,قبل سنتين,لا,,2026-02-08
10,Atheer Abdullah,6,قبل سنة,"تجربتي صراحة ماكانت موفقه من ناحيتين:
أولا ، الإستقبال جلسنا ندور عالموظفين ماكان فيه أحد يستقبل الزبائن.
ثانياً ، لما أخذ الطلب أخذه من غير كتابه ونسي طبق رئيسي ، فتحنا الفاتوره الإلكترونية من شان نتأكد وطلعوا ماسجلوها أصلا ولما حكيناهم قالوا تآخذ وقت في الفرن قلت مو مشكله نستنى .. اللي معاي خلصوا أطباقهم وانا أستنى واخرتها  وبعد انتظار قالو معليش مو موجوده في المنيو!

المويه كانت حاره وجابوها من غير ثلج
المشروب حار ""بيبسي"" بس عالأقل جابوا كاس ثلج للمشروب.

قررنا نمشي مانكمل العشاء ، تعشينا من بليلة ترك عندهم بطاطس لذيذ صراحه على طريق التخصصي 😋🤭👌🏻

طلبنا كان سليق دجاج كان عادي والدجاج نكهته ماحبيناها.
كبيبة حائل ماعليها كلام. منتو كان عادي لابأس به.
وطلبنا مكرونة بالبشاميل بس مو موجوده في المنيو 🤭🤷🏻‍♀️

الأسعار تعتبر مرتفعه ولا تستاهل لقلّة الجوده في الخدمه والطعم والمكان، علما أن الجلسات كانت ازعاج والناس مره قريبه من بعض.

لا أفكر في الزياره مره أخرى.",866,0,4,قبل سنة,لا,,2026-02-08
11,eng. nάðά,4,قبل 5 سنوات,"المكان جميل وأنيق بجلسات داخليه وخارجيه لكلا الجنسين .
المطبخ السعودي وأطباق شعبيه بلمسه عصريه إن صح التعبير .
جميل إن المطبخ مفتوح ع الجلسات ويمكنك مشاهدة إعداد الأطباق .
يوجد موسيقى 🎶
الأسعار مرتفعه
الأطباق الشعبيه تعتمد ع الذوق الشخصي فما يعجبني قد لا يعجبك لكن بشكل عام تجربه جيده لا بأس بها .

بالتوفيق للجميع ⚘",316,0,4,قبل 5 سنوات,لا,,2026-02-08
12,A Refai,5,قبل 3 سنوات,"المطعم عبارة عن تحفة فنية! الديكورات مذهلة يمزج بين العراقة وبساطة الأجداد بلمسة عصرية واسلوب فخم ومدروس بعناية! الأواني الجدران الأثاث دورات المياه المبنى من الداخل والخارج عبارة عن لوحة فنية، الأطباق اصلية ومثل اكل البيت لا يوجد شيء مميز جداً بالطعام، الاسعار مرتفعة ولكن متوافقة مع فخامة المكان، الخدمة ممتازة والطاقم مدرب بعناية، موسيقى الخلفية جميلة جداً ومختارة بعناية، يوجد مواقف في المجمع، المطعم موجود ضمن مجمع مطاعم تراثية

السلبيات:
الأكل عادي جداً ولكن لا يوجد سلبيات.",480,0,4,قبل 3 سنوات,لا,,2026-02-08
13,أحمد العمودي,4,قبل سنتين,"المطعم جميل والأكل كذلك لذيذ ولكن أقتراح بأن يتم زيادة بهارات اللحم شوي حتى يتضح طعمها بشكل أجمل
وكذلك إضافة أصناف أخرى من الرز.

تعامل العاملين جميل ومتعاونين
عندما ذهبت اليه كان المطعم هدوء ولا يوجود ازعاج.

الأسعار مرتفعة واتمنى منهم إعادة النظر فيها.",254,0,4,قبل سنتين,لا,,2026-02-08
14,W Hamad,5,قبل 5 سنوات,"تجربة جميلة .. الاجواء اكثر من رائعة .. خدمة وحوافة وطعم واهتمام بأدق التفاصيل .
اطباق التقديم مبتكرة ومستوحاة من التراث .. الاطباق الشعبية متقنة ومقدمة بطريقة عصرية .
سلطة القرع لذيذة و كذلك المقلقل والكبيبة
المكان ديكورة واضائتة متقنة عبارة عن دورين وفيه جلسات خارجية .
وختموها معنا بكرم ضيافة جميل من عندهم مع طلب الشاهي .",325,0,4,قبل 5 سنوات,لا,,2026-02-08
15,,5,قبل سنة,"المطعم راقي وجلساته مريحة
فيه داخليه وخارجية
يتميز بالاكلات الشعبية
الخدمة مميزة
يتميز بالأكلات الشعبية وصراحة الطعم فاخر

الطلبات كانت
سلطة حب الهريس وزيت الزيتون
سلطة الحبحب
سمبوسة لحم غنم
كبيبة حائل
حنيذ عسيري مع رز
كباب ميرو
مبشور لحم غنم
سليق طائفي دجاج
مكرونة بشاميل بلحم الغنم

الحلويات
كرمبل التمر
محلى تارت",315,0,4,,لا,,2026-02-08
16,,5,قبل 3 سنوات,"مطعم رائق و جلسته روعه. الاكل لذيذ 🤤 و الخدمة سريعة. اعجبني الحنيذ العسيري و الجريش. لكن السليق الطائفي عادي ما انصح فيه. اعجبني رائحة البخور في المطعم. عصير النعناع و البطيخ كان جيد جداً.

A very nice restaurant and nice settings and the services is great & fast. We ordered hanieth, spicy jeresh. The saleeq was ok not that good. The watermelon 🍉 and mint juices are the best 👌😊",380,0,4,,لا,,2026-02-08
17,,4,تاريخ التعديل: قبل سنة,"المكان جميل جدا، جلسنا بالجلسات الخارجية. الاكل جيد واتوقعته صراحة افضل خصوصاً مع ارتفاع الاسعار.

شوربة بطاطس حلوة: لذيذة وفيها نكهة جوز هند مميزة، اذا رحت باطلبها ثاني.

كبيبة حائل: جيدة بس شوي حامضة بزيادة، مارح اطلبها ثاني.

لحم مقلقل: لذيذ بس عادي مافيه شي مميز على السعر، مارح اطلبه ثاني.

تمن حائل: لذيذ بس شوي الفلفل الاسود كثير فبيطلع حار على الاطفال.

منتو المدينة: لذيذ والصوص(لازا) اللي معاه لذيذ حتى مع الاطباق الثانية، باطلبه ثاني.

كبة حساوية: لذيذة ومقرمشة من برا لكن زيتها زايد وما حسيتها مميزة، مارح اطلبها ثاني.

عصير حبحب وعصير اناناس: عادي عصير طازج بدون اضافات وبدون حركات تقديم.

حلا كرمبل التمر: لذيذ كانه بسكوت مجروش بالهيل مقرمش وعليه اسكريم فانيليا وصوص توفي، لذيذ وفيه نكهة مميزة، باطلبه ثاني.",721,0,3,,لا,,2026-02-08
18,,3,قبل 3 سنوات,"وصلت المطعم اول العصر كان فاضي، الديكور جميل جداً سواءً المطعم او المجمع ككل ماخذ طابع تراثي انيق.
الجلسات الداخليه يعيبها ريحة الاكل، الخارجيه جميله لكن تحتاج نظافه اكثر.
الاسعار مباالغ فيها اتمنى يعيدون النظر.
كمية الاكل قليله الى متوسطه.
الطلبات:
جريش الرياض 10/10 لذييذ
تمّن حايل 7/10 ناقصه نكهة لاذعه
كبيبة حايل 8/10 جيده",326,0,4,,لا,,2026-02-08
19,,5,قبل 3 سنوات,"مطعم سعودي رائع جداً يقدم الأطباق السعودية بطريقة مبتكرة … أجواء المطعم رايقة أخذنا غرفة Vip بطلة وفيها حمام خاص وكبيرة.. بس بشكل عام الأجواء والديكور خرافة ينفع تعزمون عليه أصحابكم الأجانب يتعرفون على فكرة الأكل السعودي بطريقة راقية 👏🏻👏🏻👏🏻
أخذنا من السلطات سلطة القرع لذيذة مرة والسمبوسة والكبة والمنتو والكبيبا طيبة مرة 👍🏻👍🏻 الأطباق الرئيسية طلبنا كبسة لحم وتمن ومرقوق .. الرز والتمن يفوووووز طبخ يفوق الوصف تحسه طبخ أمهات 👏🏻👏🏻👏🏻 تقهوينا بعد وأخذنا تشيز حنيني وتارت التمر وقهوة عربية طيبة بس لو يغيرون الدلة …",511,0,4,,لا,,2026-02-08
20,,5,قبل سنة,المطعم كوزين اكلات سعودية تقليدية جربت مغش السمك الجيزاني وفرموزة جبن روعة بصراحة الطعم ولاغلطة بس يقولوا الحنيذ العسيري ممتاز ماجربته الاسعار مرتفعه قليلا,155,0,4,,لا,,2026-02-08
21,,5,قبل سنتين,"السلام عليكم

بالنسبه لنجربه و تقيمي للمطعم

10/10
لكن يعيبه الاسعار.

او ممكن هو مخصص لاستقبال وفود من خارج المملكه
لتجربة الاكل النجدي
او جلسة عمل

الان سعار 🔥
الطعم 👌🏻
الخدمه سريعه
لا يوجد حواجز
يوجد موسيقى
لكن وقت دخولنا كان ع الاذان
فالحمدلله اكلنا و هم مسكرين الموسيقى
الطلبات :
كبسة دجاج 10/10 مع الطحينه
جريش الرياض 8/10
كبيبة حايل 10/10
منتو رهيييب مع الدقوس
الحساب 302 ريال",383,0,4,,لا,,2026-02-08
22,,4,قبل 5 سنوات,"المكان جميل وأنيق بجلسات داخليه وخارجيه لكلا الجنسين .
المطبخ السعودي وأطباق شعبيه بلمسه عصريه إن صح التعبير .
جميل إن المطبخ مفتوح ع الجلسات ويمكنك مشاهدة إعداد الأطباق .
يوجد موسيقى 🎶
الأسعار مرتفعه
الأطباق الشعبيه تعتمد ع الذوق الشخصي فما يعجبني قد لا يعجبك لكن بشكل عام تجربه جيده لا بأس بها .

بالتوفيق للجميع ⚘",316,0,4,,لا,,2026-02-08
23,,5,قبل 3 سنوات,"المطعم عبارة عن تحفة فنية! الديكورات مذهلة يمزج بين العراقة وبساطة الأجداد بلمسة عصرية واسلوب فخم ومدروس بعناية! الأواني الجدران الأثاث دورات المياه المبنى من الداخل والخارج عبارة عن لوحة فنية، الأطباق اصلية ومثل اكل البيت لا يوجد شيء مميز جداً بالطعام، الاسعار مرتفعة ولكن متوافقة مع فخامة المكان، الخدمة ممتازة والطاقم مدرب بعناية، موسيقى الخلفية جميلة جداً ومختارة بعناية، يوجد مواقف في المجمع، المطعم موجود ضمن مجمع مطاعم تراثية

السلبيات:
الأكل عادي جداً ولكن لا يوجد سلبيات.",480,0,4,,لا,,2026-02-08
24,,4,قبل سنتين,"المطعم جميل والأكل كذلك لذيذ ولكن أقتراح بأن يتم زيادة بهارات اللحم شوي حتى يتضح طعمها بشكل أجمل
وكذلك إضافة أصناف أخرى من الرز.

تعامل العاملين جميل ومتعاونين
عندما ذهبت اليه كان المطعم هدوء ولا يوجود ازعاج.

الأسعار مرتفعة واتمنى منهم إعادة النظر فيها.",254,0,4,,لا,,2026-02-08
25,,5,قبل 5 سنوات,"تجربة جميلة .. الاجواء اكثر من رائعة .. خدمة وحوافة وطعم واهتمام بأدق التفاصيل .
اطباق التقديم مبتكرة ومستوحاة من التراث .. الاطباق الشعبية متقنة ومقدمة بطريقة عصرية .
سلطة القرع لذيذة و كذلك المقلقل والكبيبة
المكان ديكورة واضائتة متقنة عبارة عن دورين وفيه جلسات خارجية .
وختموها معنا بكرم ضيافة جميل من عندهم مع طلب الشاهي .",325,0,4,,لا,,2026-02-08
26,سارة,5,قبل 3 سنوات,"تجربتي في سهيل الرياض كانت ممتازه جداً فوق التوقعات بداية من جمال المكان ديكوره مختلف عن كل الأماكن الي زرتها للحظه حسيت نفسي في العُلا ووسط صحراء و أجواء جميله وأيضاً شدني جمال الأواني 😍♥️
كانت قطع فنية مناسبة جداً لديكور المكان وانتشار ورد اللافندر ع الطاولات واهتمامهم بأدق التفاصيل .
بالنسبة لطلباتي كانت قهوة سعودية وتشيز كيك ويجي معها لقيمات ضيافه من عندهم لذيذه جداً
الطلب كان جداً لذيذ
بالنسبة للأسعار مرتفعه بس مكان مختلف ويستحق الزيارة وقضاء وقت جميل فيه",464,0,4,قبل 3 سنوات,لا,,2026-02-08
27,J,5,قبل 4 سنوات,"عالم من الواقع والخيال .. نجم في سماء المطاعم التي تحاكي التراث والثقافه السعودية .
فريق الطبخ( على قدر من الكفاءة )يحاكون الطعم .. السعودي بحذافيره .
فيه طبق حساوي ماعجبني واتوقع يرجع للذوق..
وحاجه وحدة احس مب مرة انو الكراسي غير مريحه تحتاج مساند او شي يريح او شي نتكي عليه ..

فريق الضيافه .. ممتازين جدا ومضيافين ..",319,0,4,قبل 4 سنوات,لا,,2026-02-08
28,خالد العجمي,5,قبل سنة,المكان جداً جميل والأكل جداً لذيذ والتعامل مع الموظفين جداً راقي اشكر بالأخص الأخ / نايف القحطاني والأخ / فهد على تعاملهم الراقي والأخلاق الطيبة مو آخر زيارة إن شاء الله .,171,0,4,قبل سنة,لا,,2026-02-08
29,jomana Alqwaiz,5,قبل سنتين,"مطعم يقدم الأطباق السعودية بطريقة مبتكره وبطعم لذيذذذ 👌🏼

توصياتي

مفلق
كبيبة
سليق
سلطة القرع
سلطة بطيخ
تشيز كيك تمر

الخدمه ممتازه وشكر خاص للموظفة مشاعل قمه في الرقي بالتعامل❤️",178,0,4,قبل سنتين,لا,,2026-02-08
30,Sadeem A,3,قبل 5 سنوات,مطعم راقي وفاخر وانصح زوار الرياض فيه صراحه، لكن للامانه السعر بالنسبه للكميات يعتبر مبالغ فيه ومرتفع.. جربت شوربة الشوفان لذيذة صراحه جدا، وجربت كبيبة حايل خياليه وطعمها مضبوط، جربت رز باللحم ،، اللحم لذيذ وذااايب اما الرز صراحه مو نثري وملتبد والكمية جدا قليلة مقارنه بالسعر ، وجربت جريش الرياض مضبووووط ولذيييذه والطعومات موزونه👍🏻 للامانه افضل طبق هو الجريش.. يقدمون لكم قهوه وحلى ضيافه .. صراحه مطعم سعودي راقي ونفتخر فيهم,426,0,4,قبل 5 سنوات,لا,,2026-02-08
31,سعودي أندرويد,4,قبل 3 سنوات,"مطعم جميل جدا وكل شي اعجبني
يقدم الاكلات بطريقة متميزة
المقبلات عندهم ولا غلطة
والسليق رررررراااائع
عندهم حنيذ بس ماعجبني كثير
بقية الاطباق + السلطات + الحلويات روعه🤍
طاقم الخدمة ممتاز والمكان مرتب بشكل يفتح النفس",213,0,4,قبل 3 سنوات,لا,,2026-02-08
32,Sweetness heart,4,قبل 5 سنوات,"المطعم جمييل جددا ..
متنوع الامااكن والجلسات خارجيه وداخليه ..
الديكور جميل جدااا ..
الخدمه ممتازه ١٠/١٠
التعاون رائع جداااا ..
الاكل  ..
الكبيبه رووووعه ١٠/١٠
السمبوسه روعه ١٠/١٠
سلطه القرع مو سئه ولا لذيذه عاديه جداا  مافيها تميز ..
سلطه الجح حلوه بس مافيها تميز ابداا ..
الجريش 😍ناطع ..
المحاشي قالو مخلصه فللاسف ماذقناها ..
المطبق اقل من عادي توقعت بلقى نكهه مميزه او شي لذيذ ..
عمومااااا المكاان جميل ارجع له ثانيه اكله لذيذ اتمنى الارتقاء شوي بنكهات السلطات .. اتمنى زياده المنيو قليل جداا خاصه لغير اكلي اللحوم ..
المكان فيه موسيقى  ..
المكان مافيه بارتشن ..
المكان لازم حجز ..",584,0,4,قبل 5 سنوات,لا,,2026-02-08
33,مشاعل فهد,5,قبل 5 سنوات,"🛎المكان: رائع ورايق ومبتكر والإضاءة جميله الجو العام خيال.
🛎الخدمة: سريعة والطاقم كله مهذب.
🛎الأكل: كان لذيذ تحس صدق مسوا بأيدي سعودية صح👍🏻 وكان طلبنا؛
-جريش الرياض: لذيذ كأن جدتي اللي مسويته👍🏻
-مانتو المدينة : لذييذ وفيه لذعه حارة رائعة.
-سمبوسة لحم: لذاااذه كانها حقت رمضان.
-سلطة جح🍉🥗 حلوه.
-كباب ميرو طعمه عادي والكباب ناشف شوي.
-كبيبة حايل: لذيذة
-حنيني تشيز 🍰 مب مرة.
-خربز سهيل: حلو
-القهوة السعودية غسااال مب زينه ماظبطوها.
🛎الأسعار💳 مرتفعه بس يستاهل.
( يتطلب الحجز مسبقًا )
يسمح بدخول الأطفال🚼",502,0,4,قبل 5 سنوات,لا,,2026-02-08
34,Ahd M,4,قبل سنتين,"اول زياره
سلطة البطيخ الصراحه سيىء البطيخ في طعم و الجبنه سيئه والصوص قليل كانت ناشفه ٣/١٠
الكبيبه رائعه صراحه ١٠/١٠
المنتو حلو كمان اللحمه طريه والصوص ممتاز ١٠/١٠
السليق من اجمل المطاعم اللي اكلت فيها سليق ١٠٠٠٠/١٠
في طبق اخر نسيت اسمه بس اتوقع كباب وكان مقبول
الديكور داخل كان رايق مره
الخدمه صراحه سيئه متوقع ب مطعم يعتبر fine dining
ان السيرفس تكون افضل خصوصي بتقديم الاكل والمساعده بتوزيع الاطباق
ارجع للمكان عشان السليق",425,0,3,قبل سنتين,لا,,2026-02-08
35,Asayel,5,قبل سنتين,من المطاعم الي تميزت بالاكل الشعبي السعودي وطريقة تقديمه وجودة الاكل ويستاهل اني اكرر زيارتي لهم ومكان رايق الاطباق كلها كانت لذيذه واتفق ان الكمية جدااً كانت قليله على اسعارهم لكن ان شاءلله انهم ينتبهون لهذي النقطه,215,0,4,قبل سنتين,لا,,2026-02-08
36,,5,قبل 3 سنوات,"تجربتي في سهيل الرياض كانت ممتازه جداً فوق التوقعات بداية من جمال المكان ديكوره مختلف عن كل الأماكن الي زرتها للحظه حسيت نفسي في العُلا ووسط صحراء و أجواء جميله وأيضاً شدني جمال الأواني 😍♥️
كانت قطع فنية مناسبة جداً لديكور المكان وانتشار ورد اللافندر ع الطاولات واهتمامهم بأدق التفاصيل .
بالنسبة لطلباتي كانت قهوة سعودية وتشيز كيك ويجي معها لقيمات ضيافه من عندهم لذيذه جداً
الطلب كان جداً لذيذ
بالنسبة للأسعار مرتفعه بس مكان مختلف ويستحق الزيارة وقضاء وقت جميل فيه",464,0,4,,لا,,2026-02-08
37,,5,قبل 4 سنوات,"عالم من الواقع والخيال .. نجم في سماء المطاعم التي تحاكي التراث والثقافه السعودية .
فريق الطبخ( على قدر من الكفاءة )يحاكون الطعم .. السعودي بحذافيره .
فيه طبق حساوي ماعجبني واتوقع يرجع للذوق..
وحاجه وحدة احس مب مرة انو الكراسي غير مريحه تحتاج مساند او شي يريح او شي نتكي عليه ..

فريق الضيافه .. ممتازين جدا ومضيافين ..",319,0,4,,لا,,2026-02-08
38,,5,قبل سنة,المكان جداً جميل والأكل جداً لذيذ والتعامل مع الموظفين جداً راقي اشكر بالأخص الأخ / نايف القحطاني والأخ / فهد على تعاملهم الراقي والأخلاق الطيبة مو آخر زيارة إن شاء الله .,171,0,4,,لا,,2026-02-08
39,,5,قبل سنتين,"مطعم يقدم الأطباق السعودية بطريقة مبتكره وبطعم لذيذذذ 👌🏼

توصياتي

مفلق
كبيبة
سليق
سلطة القرع
سلطة بطيخ
تشيز كيك تمر

الخدمه ممتازه وشكر خاص للموظفة مشاعل قمه في الرقي بالتعامل❤️",178,0,4,,لا,,2026-02-08
40,,3,قبل 5 سنوات,مطعم راقي وفاخر وانصح زوار الرياض فيه صراحه، لكن للامانه السعر بالنسبه للكميات يعتبر مبالغ فيه ومرتفع.. جربت شوربة الشوفان لذيذة صراحه جدا، وجربت كبيبة حايل خياليه وطعمها مضبوط، جربت رز باللحم ،، اللحم لذيذ وذااايب اما الرز صراحه مو نثري وملتبد والكمية جدا قليلة مقارنه بالسعر ، وجربت جريش الرياض مضبووووط ولذيييذه والطعومات موزونه👍🏻 للامانه افضل طبق هو الجريش.. يقدمون لكم قهوه وحلى ضيافه .. صراحه مطعم سعودي راقي ونفتخر فيهم,426,0,4,,لا,,2026-02-08
41,,4,قبل 3 سنوات,"مطعم جميل جدا وكل شي اعجبني
يقدم الاكلات بطريقة متميزة
المقبلات عندهم ولا غلطة
والسليق رررررراااائع
عندهم حنيذ بس ماعجبني كثير
بقية الاطباق + السلطات + الحلويات روعه🤍
طاقم الخدمة ممتاز والمكان مرتب بشكل يفتح النفس",213,0,4,,لا,,2026-02-08
42,,4,قبل 5 سنوات,"المطعم جمييل جددا ..
متنوع الامااكن والجلسات خارجيه وداخليه ..
الديكور جميل جدااا ..
الخدمه ممتازه ١٠/١٠
التعاون رائع جداااا ..
الاكل  ..
الكبيبه رووووعه ١٠/١٠
السمبوسه روعه ١٠/١٠
سلطه القرع مو سئه ولا لذيذه عاديه جداا  مافيها تميز ..
سلطه الجح حلوه بس مافيها تميز ابداا ..
الجريش 😍ناطع ..
المحاشي قالو مخلصه فللاسف ماذقناها ..
المطبق اقل من عادي توقعت بلقى نكهه مميزه او شي لذيذ ..
عمومااااا المكاان جميل ارجع له ثانيه اكله لذيذ اتمنى الارتقاء شوي بنكهات السلطات .. اتمنى زياده المنيو قليل جداا خاصه لغير اكلي اللحوم ..
المكان فيه موسيقى  ..
المكان مافيه بارتشن ..
المكان لازم حجز ..",584,0,4,,لا,,2026-02-08
43,,5,قبل 5 سنوات,"🛎المكان: رائع ورايق ومبتكر والإضاءة جميله الجو العام خيال.
🛎الخدمة: سريعة والطاقم كله مهذب.
🛎الأكل: كان لذيذ تحس صدق مسوا بأيدي سعودية صح👍🏻 وكان طلبنا؛
-جريش الرياض: لذيذ كأن جدتي اللي مسويته👍🏻
-مانتو المدينة : لذييذ وفيه لذعه حارة رائعة.
-سمبوسة لحم: لذاااذه كانها حقت رمضان.
-سلطة جح🍉🥗 حلوه.
-كباب ميرو طعمه عادي والكباب ناشف شوي.
-كبيبة حايل: لذيذة
-حنيني تشيز 🍰 مب مرة.
-خربز سهيل: حلو
-القهوة السعودية غسااال مب زينه ماظبطوها.
🛎الأسعار💳 مرتفعه بس يستاهل.
( يتطلب الحجز مسبقًا )
يسمح بدخول الأطفال🚼",502,0,4,,لا,,2026-02-08
44,,4,قبل سنتين,"اول زياره
سلطة البطيخ الصراحه سيىء البطيخ في طعم و الجبنه سيئه والصوص قليل كانت ناشفه ٣/١٠
الكبيبه رائعه صراحه ١٠/١٠
المنتو حلو كمان اللحمه طريه والصوص ممتاز ١٠/١٠
السليق من اجمل المطاعم اللي اكلت فيها سليق ١٠٠٠٠/١٠
في طبق اخر نسيت اسمه بس اتوقع كباب وكان مقبول
الديكور داخل كان رايق مره
الخدمه صراحه سيئه متوقع ب مطعم يعتبر fine dining
ان السيرفس تكون افضل خصوصي بتقديم الاكل والمساعده بتوزيع الاطباق
ارجع للمكان عشان السليق",425,0,3,,لا,,2026-02-08
45,,5,قبل سنتين,من المطاعم الي تميزت بالاكل الشعبي السعودي وطريقة تقديمه وجودة الاكل ويستاهل اني اكرر زيارتي لهم ومكان رايق الاطباق كلها كانت لذيذه واتفق ان الكمية جدااً كانت قليله على اسعارهم لكن ان شاءلله انهم ينتبهون لهذي النقطه,215,0,4,,لا,,2026-02-08
46,Maymonah AS,4,قبل 5 سنوات,"الاكل جداً لذيذ خصوصا المنتو والمفلق الحساوي،
الخدمة جيده جداً تعامل المضيفين رائع والجميل ان معظمهم سعوديين، الاسعار متوقعه جداً ومقبوله لمطعم بهذا التصنيف، الكميات جيده جدا ومشبعة. …",184,0,4,قبل 5 سنوات,لا,,2026-02-08
47,FAHD ALSHAYA,4,قبل 5 سنوات,مطعم سهيل فكرة بسيطه مطعم يقدم الاكلات السعودية بطابع مطور في التقديم والمكان والفخامة …,88,0,4,قبل 5 سنوات,لا,,2026-02-08
48,Shog O,5,قبل 5 سنوات,"مطعم سعودي قالب وقالباً (سهيل )

مكان جداً رائع وساحر بديكوره يوحي لك بالصحراء وبيت شعر …",89,0,4,قبل 5 سنوات,لا,,2026-02-08
49,Marya Anber,3,قبل 4 سنوات,"المطعم فخم وراقي ورومانسي وهادئ واضاءة خافتة جداً هدا الشي مرة عجبني وكيف انو خدمتهم عالية، يجي يغرفلك ويغير عربية الطفل لكرسي طفل فخم بدون مانطلبو، تقديم الاكل جميل جداً وراقي وترتيب المائدة ايضاً. يعيشك تجربة غنية. الطعام المُقدّم سعودي، بس للامانة الاكل اقل من عادي رغم انو المطعم واو، يعني اكل بيتنا اطعم ومرة كان ماسخ والاسعار تعتبر عالية والاطباق كدة تجي قلييلة.

الموسيقى المباشرة كانت جداً عالية ومزعجة. السكن الداخلي شي مو طبيعي تصميم يخليك تتأمل وما تاكل. بس اعتقد محد يقدر يقعد هناك بسبب صوت الموسيقى العالي والمزعج",526,0,4,قبل 4 سنوات,لا,,2026-02-08
50,Norah B SA,4,قبل 4 سنوات,الديكور خوووورافي 😍❤️❤️❤️ وتقديم الأكل يغرف العقل ومره يواااجه تعزم فيه غالي 🤩.. …,82,0,4,قبل 4 سنوات,لا,,2026-02-08
51,mohammed fahad,4,تاريخ التعديل: قبل 3 سنوات,الزيارة كانت ظهر الاربعاء وفي هذا الوقت لايوجد زحام، المطعم يقدم مأكولات شعبية من مناطق متعددة في المملكة بلمسة عصرية. …,120,0,3,تاريخ التعديل: قبل 3 سنوات,لا,,2026-02-08
52,Manar,5,قبل 4 سنوات,طابع المكان جداً جميل ومميز ، الديكور يخليك عايش جو عربي خيالي. الشخص اللي صمم المطعم فنان ماشاء الله! …,104,0,4,قبل 4 سنوات,لا,,2026-02-08
53,Yazeed Mohammed,4,قبل 3 سنوات,"السلام عليكم ورحمة الله وبركاته

أصدقاء مطاعم الرياض ، اليوم تجربتي في ســهيل …",79,0,4,قبل 3 سنوات,لا,,2026-02-08
54,Dr.N A A,5,قبل 5 سنوات,"This resturant became one of my favorite Saudi food restaurant . The saleeq, Jareesh, the meat shoulder and kubibat hail were super delicious. The restaurant and classic  and family friendly. …",193,0,3,قبل 5 سنوات,لا,,2026-02-08
55,,4,قبل 5 سنوات,"الاكل جداً لذيذ خصوصا المنتو والمفلق الحساوي،
الخدمة جيده جداً تعامل المضيفين رائع والجميل ان معظمهم سعوديين، الاسعار متوقعه جداً ومقبوله لمطعم بهذا التصنيف، الكميات جيده جدا ومشبعة. …",184,0,4,,لا,,2026-02-08
56,,0,,"الاكل جداً لذيذ خصوصا المنتو والمفلق الحساوي،
الخدمة جيده جداً تعامل المضيفين رائع والجميل ان معظمهم سعوديين، الاسعار متوقعه جداً ومقبوله لمطعم بهذا التصنيف، الكميات جيده جدا ومشبعة. …",184,0,0,,لا,,2026-02-08
57,,4,قبل 5 سنوات,مطعم سهيل فكرة بسيطه مطعم يقدم الاكلات السعودية بطابع مطور في التقديم والمكان والفخامة …,88,0,4,,لا,,2026-02-08
58,,5,قبل 5 سنوات,"مطعم سعودي قالب وقالباً (سهيل )

مكان جداً رائع وساحر بديكوره يوحي لك بالصحراء وبيت شعر …",89,0,4,,لا,,2026-02-08
59,,3,قبل 4 سنوات,"المطعم فخم وراقي ورومانسي وهادئ واضاءة خافتة جداً هدا الشي مرة عجبني وكيف انو خدمتهم عالية، يجي يغرفلك ويغير عربية الطفل لكرسي طفل فخم بدون مانطلبو، تقديم الاكل جميل جداً وراقي وترتيب المائدة ايضاً. يعيشك تجربة غنية. الطعام المُقدّم سعودي، بس للامانة الاكل اقل من عادي رغم انو المطعم واو، يعني اكل بيتنا اطعم ومرة كان ماسخ والاسعار تعتبر عالية والاطباق كدة تجي قلييلة.

الموسيقى المباشرة كانت جداً عالية ومزعجة. السكن الداخلي شي مو طبيعي تصميم يخليك تتأمل وما تاكل. بس اعتقد محد يقدر يقعد هناك بسبب صوت الموسيقى العالي والمزعج",526,0,4,,لا,,2026-02-08
60,,4,قبل 4 سنوات,الديكور خوووورافي 😍❤️❤️❤️ وتقديم الأكل يغرف العقل ومره يواااجه تعزم فيه غالي 🤩.. …,82,0,4,,لا,,2026-02-08
61,,4,تاريخ التعديل: قبل 3 سنوات,الزيارة كانت ظهر الاربعاء وفي هذا الوقت لايوجد زحام، المطعم يقدم مأكولات شعبية من مناطق متعددة في المملكة بلمسة عصرية. …,120,0,3,,لا,,2026-02-08
62,,5,قبل 4 سنوات,طابع المكان جداً جميل ومميز ، الديكور يخليك عايش جو عربي خيالي. الشخص اللي صمم المطعم فنان ماشاء الله! …,104,0,4,,لا,,2026-02-08
63,,4,قبل 3 سنوات,"السلام عليكم ورحمة الله وبركاته

أصدقاء مطاعم الرياض ، اليوم تجربتي في ســهيل …",79,0,4,,لا,,2026-02-08
64,,5,قبل 5 سنوات,"This resturant became one of my favorite Saudi food restaurant . The saleeq, Jareesh, the meat shoulder and kubibat hail were super delicious. The restaurant and classic  and family friendly. …",193,0,3,,لا,,2026-02-08
65,Aminao0oo,5,تاريخ التعديل: قبل 3 سنوات,"من أجمل وأرقى المطاعم السعودية👌🏻🇸🇦
الديكور رهييب ومقدمين الخدمه تعاملهم جدا راقي ..
الاكل لذيذ جدا ومقدم بطريقه مبتكر لاطباقنا السعودية الاصيلة .. …",148,0,4,تاريخ التعديل: قبل 3 سنوات,لا,,2026-02-08
66,Abdullah,3,قبل 3 سنوات,"الموقع جيد من حيث سهولة الوصول
الديكور و الراحة جيد عدا السقف الاحمر
الجلسات الخارجية روعة …",92,0,4,قبل 3 سنوات,لا,,2026-02-08
67,Nahla Suliman,4,قبل 5 سنوات,"مطعم شعبي بطابع عصري ..
الجلسات و الخدمة جميلة
تارت الحنيني لذيذ و مبتكر اعجبني جدا و اللقيمات حلوه بس تحتاج تصغير 😅 …",118,0,4,قبل 5 سنوات,لا,,2026-02-08
68,تجاربي,3,قبل 4 سنوات,"مطعم يقدم الاطباق السعودي من عدة مناطق بطريقه مبتكره
‏حبيت المكان جدا جميل والاجواء خرافيه ..
‏حبيت طريقة التقديم .. …",118,0,4,قبل 4 سنوات,لا,,2026-02-08
69,A W,6,قبل 4 سنوات,"بداية .. توقعته الذ من كذا
المكان صغير والديكور لطيف ..
كبسة اللحم طعمها مسمار فقط .. …",87,0,4,قبل 4 سنوات,لا,,2026-02-08
70,Bndr,4,قبل 5 سنوات,"مطعم سعودي فاخر مميز ب (بعض الأكلات السعودية) على الطريقة العالمية
اهم ما جذبني وافتخر به.. وجود طاقم شباب سعودي كامل من دخولك للباب وحتى حساب الفاتورة.. …",155,0,4,قبل 5 سنوات,لا,,2026-02-08
71,Abdulmajeed Mohammed,5,قبل 4 سنوات,كنت متخوف من المطعم بسبب أمرين (الأسعار مرتفعة + الكميات قليلة) لكن لما جربته تفاجأت صراحة بالجودة المرتفعة، والخدمة المتميزة، ونكهة الأطباق لذيذة، والتقديم بطريقة مبتكرة، وصحون فاخرة، جربت عندهم المنتو المديني، كبيبة حائل، شوربة جريش، سمبوسة لحم، حنيذ عسيري، والحلا تشيز كيك حنيني، كل الأطباق هذي لذيذة والنكهة فيها أصلية ومطبوخة ومقدمة بطريقة احترافية، فعلاً المطعم يواجه، ويشرف الشخص في حال بيعزم السياح أو الضيوف الأجانب ويعرفهم على الأكل السعودي من جميع مناطق المملكة، وارتفاع الأسعار وقلة الكميات يشفع لها التميز بالمطعم من جميع الجوانب ..,545,0,4,قبل 4 سنوات,لا,,2026-02-08
72,Asma Alsalem,3,قبل 5 سنوات,مطعم يقدم أكلات سعودية شعبية بطريقة فاخرة وجميلة... الاستقبال رائع، والشباب السعوديين قمة في الأخلاق والرقي والأدب والاحترافية العالية... ديكور المكان مبهر وأخاذ وجميل جداً. …,175,0,3,قبل 5 سنوات,لا,,2026-02-08
73,Sisters,5,قبل 4 سنوات,"سهيل

موقعه : النخيل "" طريق الدائري الشمالي "" …",47,0,4,قبل 4 سنوات,لا,,2026-02-08
74,ibra rest,5,قبل 5 سنوات,يبدو أننا على مشارف حلم طالما انتظرناه ، بوجهة سياحية سعودية أصيلة ! هذا من مطاعم المستقبل ، بالتصميم المستوحى من الصحراء ومروراً بمزيج من الأطباق المتنوعة للمدن الشمالية والجنوبية وخدمة سعودية ! بالإضافة إلى أن مدير الطهاة شيف سعودي مما يعطي شعور بالفخر والإنتماء من وسط الصحراء لقلب العالم بهذا الصرح الفريد ! شكراً لكل من اجتهد وعمل لأحلام السعوديين,352,0,4,قبل 5 سنوات,لا,,2026-02-08
75,‪Ghadah Albabtain (Gababtain)‬‏,4,قبل 5 سنوات,مطعم سعودي فاخر .. أرشحه يكون وجهه لزوار الرياض والسعودية بشكل عام 😍👌🏻🇸🇦 الأطباق شعبية متقنة ولذيذة وتقديمها مبتكر وعصري .. خصوصا تقديم الحنيذ العسيري 😍 دخت عالفكرة 😍 والديكور جميييل .. وفيه جلسات داخلية وخارجية .. الخدمة حلوة .. الأسعار مرتفعة مقارنة بالكمية …,261,0,4,قبل 5 سنوات,لا,,2026-02-08
76,ABDULLAH,5,قبل 3 سنوات,"مطعم جميل ورائع ولذيذ طلباتنا
سليق طائفي 10/10
كبيية حائل زي ورق العنب 10/10 …",78,0,4,قبل 3 سنوات,لا,,2026-02-08
77,bdoor fahad,6,قبل 4 سنوات,كنت متحمسه من قبل اني اجرب هذا المطعم كله اكل شعبي سعودي بطريقه شوي مودرن هذا الي كنت اسمعه عنه انعزمت فيه قهوه مغرب المكان حلوو المدخل بذات والجلسات الخارجيه رغم انه حر وتحتاج تكييف ورذاذ .. فاتوقع الشتاء فيه جمييل تجربتي القهوه العربيه حلوه و بالنسبه لقائمه الحلا جداا محييره ٤ حلويات فقط جربنهم كلهم  اول واحد حنيني طبعا عباره عن شيز تمر وموزعين جنبه الحنيني هذا حلوو و الثاني اتوقع محلى كان تمر كله ماعجبني الثالث زي حلا جوات الشمام يشبه الكريم بوليه اممم مره ماتناسب جونا واخر شي ايس كريم حبحب امم باهت طعمه ... مفروض يقدمون حلى يناسب الصيف ونفس الوقت مناسب مع القهوه العربيه كتجربه انك تتقهوى فيه ماانصح ... لي عوده ان شالله واجرب وجبه فيه لانو متحمسسه اذوق الكبيبه هنا 😋 وبسس,682,0,4,قبل 4 سنوات,لا,,2026-02-08
78,salas ssr,5,قبل سنتين,المطعم مخصص للأكلات الشعبية السعودية من مختلف المناطق من شرقها الى جنوبها ، الطعم متميز وليس تقليدي يعني عندهم اضافة على كل طبق انصح فيه جدا لضيوف من خارج المملكة و عندهم الرغبه بالتعرف على ثقافة الاكل السعودي هذا الاختيار بيكون مثالي,234,0,3,قبل سنتين,لا,,2026-02-08
79,ساره المزروع,4,قبل 3 سنوات,"تجربتي لمطعم سهيل
المكان: جميل الديكور 👌🏻التعامل رائع
الجلسات: بدون بارتيشن ، الخارجية روعة …",93,0,4,قبل 3 سنوات,لا,,2026-02-08
80,mohammed al.othman,4,قبل 4 سنوات,الاستقبال رائع والخدمه ممتازه والاكل لذيذ وعندي تحفظ على الحلى ماهو بالمستوى الى عليه المطعم المفروض افضل وخيرات اكثر والديكورات رائعه والجو العام جميل ونظيف والاسعار شوي مبالغ فيه,180,0,4,قبل 4 سنوات,لا,,2026-02-08
81,bdah alotaibi,5,قبل 3 سنوات,"حقيقة مطعم رائع
الاكل ممتاز ولذيذ وكان طلبي كالاتي:
سلطة …",58,0,4,قبل 3 سنوات,لا,,2026-02-08
82,Ms. Hind Ababtain,5,قبل 5 سنوات,"مطعم يترجملك فخامه السعوديه❤️
يحتاج حجز ومسموح الاطفال
اهتمام بأدق التفاصيل …",77,0,4,قبل 5 سنوات,لا,,2026-02-08
83,Etsh,4,قبل 3 سنوات,"بالبداية كانت الضيافة هذي لقيمات لذيذة .. الحلا رائع جداً ولذيذ بارد  .. السليق اقل اقل من عادي ، السلطة لذيذة ⭐️ .. أكرر التجربة للحلا والقهوة "" اللي حاب يجيه يتأكد من المينو اذا الاسعار تناسبة او لا",200,0,4,قبل 3 سنوات,لا,,2026-02-08
84,منى عبدالله,5,قبل سنتين,"من افخم المطاعم اللي زرتها
الاكل لذيذذ التقديم مررره مميز خدمتهم جداً سريعه والموظفين بشوشين
طلبت منهم حنيذ عسيري وكبيبه حايليه ومنتو ومفلق …",141,0,4,قبل سنتين,لا,,2026-02-08
85,,5,تاريخ التعديل: قبل 3 سنوات,"من أجمل وأرقى المطاعم السعودية👌🏻🇸🇦
الديكور رهييب ومقدمين الخدمه تعاملهم جدا راقي ..
الاكل لذيذ جدا ومقدم بطريقه مبتكر لاطباقنا السعودية الاصيلة .. …",148,0,4,,لا,,2026-02-08
86,,3,قبل 3 سنوات,"الموقع جيد من حيث سهولة الوصول
الديكور و الراحة جيد عدا السقف الاحمر
الجلسات الخارجية روعة …",92,0,4,,لا,,2026-02-08
87,,4,قبل 5 سنوات,"مطعم شعبي بطابع عصري ..
الجلسات و الخدمة جميلة
تارت الحنيني لذيذ و مبتكر اعجبني جدا و اللقيمات حلوه بس تحتاج تصغير 😅 …",118,0,4,,لا,,2026-02-08
88,,3,قبل 4 سنوات,"مطعم يقدم الاطباق السعودي من عدة مناطق بطريقه مبتكره
‏حبيت المكان جدا جميل والاجواء خرافيه ..
‏حبيت طريقة التقديم .. …",118,0,4,,لا,,2026-02-08
89,,4,قبل 5 سنوات,"مطعم سعودي فاخر مميز ب (بعض الأكلات السعودية) على الطريقة العالمية
اهم ما جذبني وافتخر به.. وجود طاقم شباب سعودي كامل من دخولك للباب وحتى حساب الفاتورة.. …",155,0,4,,لا,,2026-02-08
90,,5,قبل 4 سنوات,كنت متخوف من المطعم بسبب أمرين (الأسعار مرتفعة + الكميات قليلة) لكن لما جربته تفاجأت صراحة بالجودة المرتفعة، والخدمة المتميزة، ونكهة الأطباق لذيذة، والتقديم بطريقة مبتكرة، وصحون فاخرة، جربت عندهم المنتو المديني، كبيبة حائل، شوربة جريش، سمبوسة لحم، حنيذ عسيري، والحلا تشيز كيك حنيني، كل الأطباق هذي لذيذة والنكهة فيها أصلية ومطبوخة ومقدمة بطريقة احترافية، فعلاً المطعم يواجه، ويشرف الشخص في حال بيعزم السياح أو الضيوف الأجانب ويعرفهم على الأكل السعودي من جميع مناطق المملكة، وارتفاع الأسعار وقلة الكميات يشفع لها التميز بالمطعم من جميع الجوانب ..,545,0,4,,لا,,2026-02-08
91,,3,قبل 5 سنوات,مطعم يقدم أكلات سعودية شعبية بطريقة فاخرة وجميلة... الاستقبال رائع، والشباب السعوديين قمة في الأخلاق والرقي والأدب والاحترافية العالية... ديكور المكان مبهر وأخاذ وجميل جداً. …,175,0,3,,لا,,2026-02-08
92,,5,قبل 4 سنوات,"سهيل

موقعه : النخيل "" طريق الدائري الشمالي "" …",47,0,4,,لا,,2026-02-08
93,,5,قبل 5 سنوات,يبدو أننا على مشارف حلم طالما انتظرناه ، بوجهة سياحية سعودية أصيلة ! هذا من مطاعم المستقبل ، بالتصميم المستوحى من الصحراء ومروراً بمزيج من الأطباق المتنوعة للمدن الشمالية والجنوبية وخدمة سعودية ! بالإضافة إلى أن مدير الطهاة شيف سعودي مما يعطي شعور بالفخر والإنتماء من وسط الصحراء لقلب العالم بهذا الصرح الفريد ! شكراً لكل من اجتهد وعمل لأحلام السعوديين,352,0,4,,لا,,2026-02-08
94,,4,قبل 5 سنوات,مطعم سعودي فاخر .. أرشحه يكون وجهه لزوار الرياض والسعودية بشكل عام 😍👌🏻🇸🇦 الأطباق شعبية متقنة ولذيذة وتقديمها مبتكر وعصري .. خصوصا تقديم الحنيذ العسيري 😍 دخت عالفكرة 😍 والديكور جميييل .. وفيه جلسات داخلية وخارجية .. الخدمة حلوة .. الأسعار مرتفعة مقارنة بالكمية …,261,0,4,,لا,,2026-02-08
95,,5,قبل 3 سنوات,"مطعم جميل ورائع ولذيذ طلباتنا
سليق طائفي 10/10
كبيية حائل زي ورق العنب 10/10 …",78,0,4,,لا,,2026-02-08
96,,5,قبل سنتين,المطعم مخصص للأكلات الشعبية السعودية من مختلف المناطق من شرقها الى جنوبها ، الطعم متميز وليس تقليدي يعني عندهم اضافة على كل طبق انصح فيه جدا لضيوف من خارج المملكة و عندهم الرغبه بالتعرف على ثقافة الاكل السعودي هذا الاختيار بيكون مثالي,234,0,3,,لا,,2026-02-08
97,,4,قبل 3 سنوات,"تجربتي لمطعم سهيل
المكان: جميل الديكور 👌🏻التعامل رائع
الجلسات: بدون بارتيشن ، الخارجية روعة …",93,0,4,,لا,,2026-02-08
98,,4,قبل 4 سنوات,الاستقبال رائع والخدمه ممتازه والاكل لذيذ وعندي تحفظ على الحلى ماهو بالمستوى الى عليه المطعم المفروض افضل وخيرات اكثر والديكورات رائعه والجو العام جميل ونظيف والاسعار شوي مبالغ فيه,180,0,4,,لا,,2026-02-08
99,,5,قبل 3 سنوات,"حقيقة مطعم رائع
الاكل ممتاز ولذيذ وكان طلبي كالاتي:
سلطة …",58,0,4,,لا,,2026-02-08
100,,5,قبل 5 سنوات,"مطعم يترجملك فخامه السعوديه❤️
يحتاج حجز ومسموح الاطفال
اهتمام بأدق التفاصيل …",77,0,4,,لا,,2026-02-08
101,,4,قبل 3 سنوات,"بالبداية كانت الضيافة هذي لقيمات لذيذة .. الحلا رائع جداً ولذيذ بارد  .. السليق اقل اقل من عادي ، السلطة لذيذة ⭐️ .. أكرر التجربة للحلا والقهوة "" اللي حاب يجيه يتأكد من المينو اذا الاسعار تناسبة او لا",200,0,4,,لا,,2026-02-08
102,,5,قبل سنتين,"من افخم المطاعم اللي زرتها
الاكل لذيذذ التقديم مررره مميز خدمتهم جداً سريعه والموظفين بشوشين
طلبت منهم حنيذ عسيري وكبيبه حايليه ومنتو ومفلق …",141,0,4,,لا,,2026-02-08
103,FAHD ALSHAYA,4,قبل 5 سنوات,"مطعم سهيل فكرة بسيطه مطعم يقدم الاكلات السعودية بطابع مطور في التقديم والمكان والفخامة

التقييم بعد التجربة كالآتي:
المطبخ ونوعية الأكل(سعودي ).
⭐⭐⭐⭐⭐الموقع وسهولة الوصول ...
⭐⭐⭐⭐️⭐النظافة ...
⭐⭐⭐     تنوع قائمة الطعام ...
⭐⭐️⭐️⭐⭐️     الأسعار  ...
⭐⭐⭐           سرعة تجهيز الطلب ...
⭐⭐⭐⭐️           الطعم ...
⭐⭐⭐⭐        الديكورات والجلسات ...
⭐⭐                مواقف خاصة بالمطعم ...
⭐⭐    كمية الأكل في الطبق الواحد ...
⭐⭐                 راحة المقاعد والطاولات ...

ملاحظات
🍽جلسات العوائل معزولة عن الأفراد
🍽يوجد عوازل (بارتيشن)❌
🍽يوجد موسيقى✅
🍽اضاءة داخلية متوسطة✅

🍽خدمة الحجز المسبق✅
🍽تسهيلات الدخول والتنقل لذوي الهمم✅
🍽وجود صور للأطباق في المنيو (حاليا بسبب الاوضاع  لجائحة كورونا لا اعتقد وجود ذلك وكان الطلب عن طريق مسح الباركود
🍽المنيو الكتروني✅
🍽جلسات خارجية للعوائل والأفراد✅
انصح فيها بالليل بتكون شرحة وجميله تم زيارته بالنهار ولكن اعنقد الجو بالليل بيكون اجمل وافضل اللي يهمه جو المكان على نوعية الاكل 😅

هذي طلباتي
⬇️

تجربه رائعه المكان جميل وشرح والديكور راقي
وهذي طلباتي
* برياني لحم انصح فيه كثير لذيذ بصراحه 😍
* السليق مع الدجاج جيد لا بأس فيها ولا يمنع من تجربتها اللي يحبون السليق
* سلطة سهيل بالبطيخ والجبن لذيذه لذيذه مره وانصح فيها فيها تداخل بالطعم حالي ومالح صحيح غريبه لكن لذيذه 😄
الكبيبة اقل من عاديه تجربتي الشخصيه في حال زيارتي للمطعم لا يمكن طلبها
الزياره كانت لشخصين 🙏🏼

سلبيات المطعم 😔

الطاولات قريبه لبعض
السعر يعتبر مرتفع كثير مقارنة بنوعية الطعام في مطاعم اخرى تقدم نفس الاطباق

هل سأكرر الزياره : لا أعتقد
هل أنصح بتجربته : نعم

بالعافيه عليكم جميعا ❤️",1494,0,4,قبل 5 سنوات,لا,,2026-02-08
104,Shog O,5,قبل 5 سنوات,"مطعم سعودي قالب وقالباً (سهيل )

مكان جداً رائع وساحر بديكوره يوحي لك بالصحراء وبيت شعر
وفيه موسيقى

حبيت المكان
جلسات متعدده
يفضل الحجز
بالنهار يسمح بالاطفال وبعد العشاء ممنوع دخول الاطفال
ترحيب سعودي اصيل عند الدخول والضيافه بالقهوه العربيه ❣️👌🏼
الطاقم سعودي وكلي فخر بهم ❣️
بالامكان رويه المطبخ والطباخين عبر جدار زجاجي بداخل بيت الشعر وهذا عجبني اكثر
الاكل اللي عجبني (لذيذذذذ) :
تمن حايلي
سلطه بالقرع
سمبوسه دجاج
حلا تشيز كيك حنيني

الدخول له من الشارع وهو اللي ما كان واضح للزوار طريقه فتحه وله باب من الخلف
فيه جلسات خارجيه بالخلف بتكون رائعه بالشتاء 👌🏼
بالتاكيد ساعيد الزياره",583,0,4,قبل 5 سنوات,لا,,2026-02-08
105,Norah B SA,4,قبل 4 سنوات,"الديكور خوووورافي 😍❤️❤️❤️ وتقديم الأكل يغرف العقل ومره يواااجه تعزم فيه غالي 🤩..

فيه جلسات بالدور الثاني وجلسات خارجية.
جلسنا بالطاوله الي بالمكان الي فيه درج يفتح النفس وافضل من جلسات الداخليه أغلبه ظلام.

طلباتنا كانت :
سليق 10/10  لذيذ🤩
جريش 10/10 ألّذ شي 🤩🤩
مرقوق عادي 4/10
كبيبة عاديه 5/10
سمبوسة لحم 10/10 اعجبتنا مره 🤩.
كباب ميرو عادي 5/10

الحلا:
حنيني تشيز كيك لذيذ 10/10 🤤
خربز سهيل عبارة عن كريمة بارده في فاكهة الي هو ( شمام ) والمكس عادي مره 5/10.
القهوة العربية لذيذه لكن كمية قليلة 😬.

وعندهم ضيّافة لقيمات لكل شخص 👍🏼.

أرجع له أكيد 😍😍 المكان سااحر 😍❤️❤️",570,0,4,قبل 4 سنوات,لا,,2026-02-08
106,Yazeed Mohammed,4,قبل 3 سنوات,"السلام عليكم ورحمة الله وبركاته

أصدقاء مطاعم الرياض ، اليوم تجربتي في ســهيل

""مطعم يقدم أطباق سعودية شعبية من مختلف مناطق المملكة بشكل عصري فخم هذا بشكل عام""

•الأكل معروف للسعودين فالسعر طبيعي بيكون غالي جدًا لإن الاطباق الي عندهم تلقاها في أماكن كثيرة بسعر رخيص و جودة ممتازة

•في المطعم دورين + جلسات خارجية و مناسب للعوائل و ترحابهم فيك من دخولك الى خروجك ممتاز و جميل

•مطعم سهيل حلو لو تبي تجيب له أجانب و هذا الي صاير وقت تواجدي فيه كل الي موجودين أجانب مع سعودين يشرحون لهم الأطباق و يشجعوهم يذوقوها

•بنسبة لي التجربة ممكن تتكرر بعد مدة بسبب الأسعار بس اناقة المكان و الترحيب تستحق جية ثانية بعد فترة",611,0,4,قبل 3 سنوات,لا,,2026-02-08
107,Abdullah,3,قبل 3 سنوات,"الموقع جيد من حيث سهولة الوصول
الديكور و الراحة جيد عدا السقف الاحمر
الجلسات الخارجية روعة
الأكل حسب الطبق بعضها ممتاز و بعضها عادي
الأسعار 🔥  و بعد السؤال ما اقنعني التبرير
حبيت السليق الطايفي و الرز الحساوي
كمية الأكل قليلة في الطبق
ما أعتقد أكرر التجربة مرة ثانية",266,0,4,قبل 3 سنوات,لا,,2026-02-08
108,A W,6,قبل 4 سنوات,"بداية .. توقعته الذ من كذا
المكان صغير والديكور لطيف ..
كبسة اللحم طعمها مسمار فقط ..
السليق كان لذيذ ..
اللقيمات لذيذة..
القرصان مقبول ..
الكبيبة كانت الذ شي ✅✅✅✅
يقدمون خبز رقاق ضيافة
ما انصح فيه الا اذا احد يبي كبيبة لذيذة فعلا فعلا فعلا بس سعرها مرتفع ..",258,0,4,قبل 4 سنوات,لا,,2026-02-08
109,Sisters,5,قبل 4 سنوات,"سهيل

موقعه : النخيل "" طريق الدائري الشمالي ""

الاستقبال رائع و الخدمة ممتازة ❤️😍
و المكان ديكوره مميز و عربي 😍❤️ يعيشك جو مختلف ❤️
و فيه جلسات داخليه دورين و خارجية ..

قدمو لنا ضيافة

طلباتنا

الحنيذ العسيري 145 ريال
لذذذيذ 🤤♥️

تمن حائل بـ 80 ريال لذيذ
جريش الرياض بـ 80 ريال لذيذ
رز حساوي اظن انه مع اللحم جاي 🤣👀
كبيبة حائل بـ 65 ريال لذيذه
مطبق بالخضار بـ 52 ريال عادي 😅
عصير أناناس بـ 47 ريال

و في النهاية تم تقديم لنا لقيمات و قهوة عربية ضيافة منهم 😅❤️القهوة مضبوطه و اللقيمات عادية 🤭

و سألتني اذا مرتاحين في المكان و اذا نحتاج كرسي اطفال ..

يوجد موسيقى
مسموح الاطفال
يحتاج حجز
حسابهم : ‏@suhail_saudi",611,0,4,قبل 4 سنوات,لا,,2026-02-08
110,ABDULLAH,5,قبل 3 سنوات,"مطعم جميل ورائع ولذيذ طلباتنا
سليق طائفي 10/10
كبيية حائل زي ورق العنب 10/10
سلطة حبحب 10/20
كلها جميله جدا
واشكر كل الشكر
الاخت مشاعل استقبالها اكثر من رائع وبنت خلوقه وقمة بالاحترام اتمنى استمرارها بهذا المكان ونشوفها بالأعلى يارب
اخيرا لنا عوده لكم بإذن الله

سنعوووود",271,0,4,قبل 3 سنوات,لا,,2026-02-08
111,ساره المزروع,4,قبل 3 سنوات,"تجربتي لمطعم سهيل
المكان: جميل الديكور 👌🏻التعامل رائع
الجلسات: بدون بارتيشن ، الخارجية روعة
الاكل: ممتاز ⭐️ نكهة اكل بيت بس التقديم فاخر
للاسف يوجد موسيقى 💔👎🏻",158,0,4,قبل 3 سنوات,لا,,2026-02-08
112,bdah alotaibi,5,قبل 3 سنوات,"حقيقة مطعم رائع
الاكل ممتاز ولذيذ وكان طلبي كالاتي:
سلطة
مغش السمك الجيزاني مع الرز
عيش حساوي بالدجاج

ديكوره وجلساته ممتازة وجميله ومريحة
والموظفين جيدين
ويستحق الزيارة

يفضل الاتصال من اجل الحجز بدلا من تاتي وتنتظر

‎‎9200 02690",230,0,4,قبل 3 سنوات,لا,,2026-02-08
113,Ms. Hind Ababtain,5,قبل 5 سنوات,"مطعم يترجملك فخامه السعوديه❤️
يحتاج حجز ومسموح الاطفال
اهتمام بأدق التفاصيل
لو مشتاق للاكل السعودي، عندك اصحاب جايين للسعوديه للمره الاولى، اجتماع عمل او جلسه رومانسيه رايقه لاتفوت هالمكان
المنيو منوع وفيه اصناف من كل انحاء المملكه مطبوخه على مستوى عالي من الاحترافيه
سليق الطائف على اصوله فعلا طائفي
تمن حائل لذيذ
لحم مقلقل مع الكبده لو  ماتفضلون انهم مع بعض
لاتطلبونه
الديكور التجريدي للهويه السعوديه الفاخره والموسيقى بدون كلمات للاغاني السعوديه اعطت لذاذه وجو رائع للمكان

فخوره والف قبله للاجواء السعوديه الفخمة بهالمكان
راح  احجز لاجتماع عمل بهالمكان المميز
راح اجرب المره القادمه المفلق الحساوي بالروبيان ومغش السمك الجيزاني بحكم انها اطباق مميزه عندهم بترشيح الشيف

Such an extraordinary must-try Saudi Restaurant, especially if you are visiting Saudi for the first time!

The interior, the Saudi music and the different traditional Saudi dishes from all around the kingdom are worth the visit.
You need to make reservation and children are allowed ;)
The dishes are cooked by a professional cook; I am so proud. Next time I will book it for a business meeting.

Looking for a romantic evening, a business meeting or your friends wants to try Saudi dishes, don’t miss this place in Riyadh 😏🔥",1199,0,4,قبل 5 سنوات,لا,,2026-02-08
114,تقارير سياحية,5,قبل سنتين,استقبالهم وخدمتهم روعه ظافر احرجنا باخلاقه وتعامله وضيافته و تقديمه القهوه والحلى ومع اني جيت بدون حجز لكن لقيت مكان لان الوقت كان ما فيه زحام الاكل روعه وفوق ما توقعت بصراحه يستحق اكثر من خمس نجوم,197,0,4,قبل سنتين,لا,,2026-02-08
115,Ebtisam Yousef,3,تاريخ التعديل: قبل 5 سنوات,"مطعم اكل سعودي بطريقة مبتكره ديكوراته مستوحاه من البيئة السعوديه اجوائه حلوه للشباب او العايله او  زوار للبلد  جلسته رايقة
اكله لذيذ جدا بس اسعاره مرتفعه شوي
خيارات الحلى محدوده جدا كمية الاكل تعتبر قليله جدا مقارنة بالسعر خصوصا الكبسه😁صحن تحط فيه ملعقتين رز ماتعبي عيونا😂 بس للامانه بعد مادفعت الفاتوره دريت انك ممكن تطلب زيادة رز مجانا 😁😍

Instagram: ‏diva_memories20",369,0,4,تاريخ التعديل: قبل 5 سنوات,لا,,2026-02-08
116,mohammed alghamdi,6,قبل 5 سنوات,"مطعم للمأكولات السعودية الشعبية في مدينة الرياض
يقع على الدائري الشمالي
الجلسات الداخليه  قليله وغير مريحه  والديكورات متعبه للعين
لا يوجد خصوصيه بتاتا
طلبت منتو المدينه وكبيبة حائل وعيش حساوي وكباب ميرو

منتو المدينة 3/5 سعر عالي على طعم اقل من عادي

كبيبة حائل 4/5

عيش حساوي 1/5 لا يمت للعيش الحساوي بصله كمية القرفه لا تصدق

كباب ميرو 2/5 المفروض تسمى فلافل ميرو لا يحتوي على اللحم فقط برغل وطحينه",401,0,4,قبل 5 سنوات,لا,,2026-02-08
117,jojo1429aa,4,قبل 4 سنوات,"المكان رايق و هدوء والاستقبال ماشاءالله ذوق ولباقه
حجزت لشخصين عن طريق موقعهم
غداء كان
جميل الجو و الجلسات كنت حابه الجلسات الدور الارضي لكن للاسف مليانه كانت فجلسات بالدور الثاني
عموما المكان راقي جداً
جابوا ضيافه قرصان وصوص بطريقة حلوه حبيت
طلبنا كبيبة حايل و سلطة حبحب و تمن حايل و كبسة لحم واثنين بيبسي
و التخلية كانت خربز سهيل
كل الطلبات تجنن للامانه بس السلطه كلها جرجير و قليل فيها الحبحب و جبن الماعز

الحلا يجنن خورافي يفوز باحلى شي
اخر شي من المطعم يقدم لك بعد الوجبه قهوة عربي و لقيمات",496,0,4,قبل 4 سنوات,لا,,2026-02-08
118,amzoon,6,قبل 3 سنوات,للامانه زرته ع كلام وحده مدحته انا طلبت حنيذماعجبني ريحه اللحم كأنه مستورد مو فرش وطلبت هريس طعمه تمام بس كنه فريك  وقليل وغالي ب90 الديكور روعه كبيه اعطيها 5 بالميه وشكرا,171,0,4,قبل 3 سنوات,لا,,2026-02-08
119,ريم الغامدي,3,قبل 5 سنوات,"الديكور  ممتاز ورايق ...الجلسات مريحة والطعام لذيذ جدا ...متنوع بين مناطق المملكة ...الاسعار مرتفعة جدا
اسوأ مافيه الخدمة على الرغم ان النّدل لطيفين لكن لازم تصيد احدهم عشان يخدمك ...بمجرد ان يتم اجلاسك على طاولتك ينسونك تماما حتى تروح تنادي واحد منهم
نصيحة اذا عندك ضيف تستحي منه لاتروح به هناك",295,0,4,قبل 5 سنوات,لا,,2026-02-08
120,Bushra Alrshidi,5,قبل سنتين,"مكان عريب جدا ممزوج بين الماضي والحاضر ،والتصميم الشاعري البهي لطبيعة الاصول العربية.
جدا ممتنة للمصمم/ة والأيادي العاملة بالمطعم وشكرا لاختياركم للمضيف خلوق وممثل رائع لضيافة السعودية🤎🤎🤎🤎🤎🤎🤎🤎🤎🤎🤎🤎🤎🤎. …",201,0,4,قبل سنتين,لا,,2026-02-08
121,HESSAH,6,قبل 3 سنوات,مكان أكثر من راائع جو المكان والأكل والاستقبال ورقي الموظفين وحسن تعاملهم خصوصا الموظف تركي الأسمري وكذاك الموظف الأسمر اللي يصب القهوة أعجز عن وصف رقيهم وتعاملهم ، طلباتنا كانت كبسة لحم ومغش ربيان جيزاني وسلطة قرع ومغش سمك جيزاني . فيه ملاحظة 🙄 غلط الموظف في تسجيل الطلب واعتذر بكل أدب وقال الطبق اللي جاكم بالغلط هدية وجابوا طلبنا زيادة عليه😍 الأكل كله 10/10 بدون مبالغة ، الجو بشكل عام كنك في عزيمة مو كأنك في مطعم يستقبلونك ببشاشة ويقهوونك ولما تخلص وجبتك يطيبونك بعود 🤤فيه أجمل من كذا 👌🏻,492,0,2,قبل 3 سنوات,لا,,2026-02-08
122,Bassmah,5,قبل 5 سنوات,"المكان جميل 😍
بيكون إضافه مميزه لمطاعم الرياض .. منيو وأطباق سعوديه بلمسه عصريه

والأكل كان جدا لذيذ 👌🏻
والموظف محمد القحطاني قمه في الاحترام  ماقصر الله يجزاه خير
يعطيه الف العافيه 👍🌹",184,0,4,قبل 5 سنوات,لا,,2026-02-08
123,Amal AlMalki,4,قبل 5 سنوات,المكان جميل وأنيق ويستحق الزياره والموظف توفيق كان جداً لبق ومقدم الطعام كان شاب سعودي⭐️مؤدب وشرح لنا الأصناف بالموجز المفيد ملاحظتي ان صحن السليق لازم يكون عميق أبداً مو صحيح كذا نص دجاجه على كمية قليلة جداً شكراً على الاستقبال والواجهه الحلوه لأي ضيف أجنبي لمملكتنا,267,0,4,قبل 5 سنوات,لا,,2026-02-08
124,AMG,5,قبل 4 سنوات,تجربة جدا مميزة مع المطبخ السعودي الفاخر بأيادي سعودية فخور جدا بتجربتي مع هذا المطعم اللذيذ والمميز 🔥 بعد الغداء قدمو لنا ضيافة لقيمات جدا لذيذة مع القهوة ❤️,158,0,4,قبل 4 سنوات,لا,,2026-02-08
125,FAHAD ALAJMI,5,قبل سنتين,رائع بكل ماتعنيه الكلمه اكل كل مناطق السعوديه عندهم فرش وحلو وديكورات جميلة شكرا من القلب والموظفين محترمين جدا خاصه زياد الشريف وصدف 🇰🇼❤️,138,0,4,قبل سنتين,لا,,2026-02-08
126,Sahab SA,5,قبل سنة,"مطعم بالمجمع يقدم طبخات شعبيه سعوديه بطريقة عصريه
طلب نفر حنيذ ، مغش سمك
خدمة وظيافة جميلة من الموظف 🤍
الذ حنيذ ممكن تجربونه",124,0,4,قبل سنة,لا,,2026-02-08
127,Anas AlSubhi,5,قبل 3 سنوات,"مطعم رائع يقدم اروع الاطباق السعودية بجودة عالية ..

تجربة العميل وأجواء المكان جميلة والخدمة اكثر من رائعة

شكراً سهيل ✨",121,0,4,قبل 3 سنوات,لا,,2026-02-08
128,Khadijah K,4,قبل سنتين,"اجواء المطعم رايقة مرة
طلبنا كان لشخصين

اول ما دخلنا ضيفونا قهوة عربية ولقيمات

طلبنا حنيذ عسيري مع ارز اعطيه ٨ من ١٠
الحنيذ لذيذ بس الرز احس ناقصه شي ممكن صوص عشان يعطيه نكهة لأن مافيه نكهة والكشنة عليه جداً قليلة ما تنشاف

وطلبنا منتو ٨ من ١٠ طعمه عادي

وعصير برتقال وبيبسي

شوي غالي صراحة مقارنة بكمية الأكل

الفاتورة ٢٧١ ريال",330,0,4,قبل سنتين,لا,,2026-02-08
129,RAG T,5,قبل 3 سنوات,اذا فيه اكثر من خمسه بعطي الديكور السعودي يجنن والمينو حبيت مره جربت المغش والقرصان لحم نجدي والمفلق الحساوي والتمن  والمطبق والسلطات كل شي يجنن الشاي بعد وطريقة التقديم مبدعين الخدمه تجنن والتعامل راقي ارجع له,210,0,4,قبل 3 سنوات,لا,,2026-02-08
130,N A,5,قبل 4 سنوات,رررررروعه المكان والاكل كل شي لذيذ والتقديم رائع والمضيفين بالمطعم قمه بالاخلاق فعلاً مكان يستلهل الزياره اكثر من مره والجلسات برا اتوقع بالليل تكون جميله,154,0,4,قبل 4 سنوات,لا,,2026-02-08
131,afnan,5,قبل سنتين,"مطعم سعودي بطريقة مُعاصرة

يجمع لكم عراقة المكان التراثي بنكهة المطبخ السعودي الفاخر  . الاكل لذيذ و الرز الحساوي 👍🏼",116,0,4,قبل سنتين,لا,,2026-02-08
132,المسافر,4,قبل 3 سنوات,"المطعم رائع يظهر الطابع السعودي بطريقه مبتكره وراقيه لو عندك صديق اجنبي جميل تعزمه فيه
الاسعار معقوله
التقديم مبتكر
الديكور سعودي مودرن
الذ الاطباق الكبيبه الحايليه",164,0,4,قبل 3 سنوات,لا,,2026-02-08
133,Meshari Reviews,6,قبل 4 سنوات,"الأطباق :
- سلطة قرع ٥٥ ريال
- سمبوسة لحم ٦٦ ريال
- كبيبة حائل ٦٠ ريال
- كباب ميرو على الطريقة الحجازية ٩٥ ريال
- جريش الرياض ٧٠ ريال
- عيش حساوي بالدجاج ١٠٥ ريال
- لحم مقلقل ٩٩ ريال

اسعار مرتفعة وكميات قليلة وطعم عادي",219,0,4,قبل 4 سنوات,لا,,2026-02-08
134,Abdullah al wadi,3,قبل 4 سنوات,مطعم جميل واكل لذيذ وموظفين قمة الاحترام والادب لكن كميات قليله جدا جدا بس لذيذه يعني تبي تنقنق احجز عندهم,106,0,4,قبل 4 سنوات,لا,,2026-02-08
135,Husain Alfaqih,5,قبل 4 سنوات,تجربة جميلة جداً … استقبال خدمات تقديم كل شي جميل .. صح الاسعار شوي عاليه بس تستاهل على الطعم اللذيذ …,102,0,3,قبل 4 سنوات,لا,,2026-02-08
136,memories,6,قبل 5 سنوات,"تم زيارة المطعم وطلبنا الاتي:-
- سلطة حبحب عادية
- كبيبة حايل حليوة …",69,0,4,قبل 5 سنوات,لا,,2026-02-08
137,Abdallah Mujathel,4,قبل 3 سنوات,"المكان راقي جدا
الخدمة متميزة والتقديم ممتاز جدا جدا
الأكل عادي إلى جيد جدا …",77,0,4,قبل 3 سنوات,لا,,2026-02-08
138,Moly Sa,5,قبل 4 سنوات,المطعم جداً جميل ورائع الديكور فخم والأكل لذيذ جربت الجريش رووووعه 10/10 والقرصان والكبسه والسلطات عندهم نوعين كلها رائعه 👌 والقهوه لذيذه الحلى جربته كله كنا مجموعه والكل يقول لذيذ واللقيمات ضيافه من عندهم والخدمه جداً جميله سواء بالحجز او داخل المطعم أسعارهم غاليه شوي بس يستاهلون 😍 زرته مرتين ولي رجعه ان شاءالله …,316,0,4,قبل 4 سنوات,لا,,2026-02-08
139,Manal Mohammed,3,قبل 4 سنوات,"زرته المكان من فترة
المكان جميل ورائع يفتح النفس فعلاً والتهوية فيه رائعة وشرح😍♥️
للأكل كان غير لذيييذ ما اعجبني ولا اعجب صديقتي ابداً …",136,0,4,قبل 4 سنوات,لا,,2026-02-08
140,Nada Ali,5,قبل 4 سنوات,من اجمل المطاعم بالرياض انا يمكن هذي زيارتي 8له من الذ ماذقته بس الاسعار مرتفعه  والسليق عندهم ادمان كما لفت نظري بشاشة وجمال اسلوب ورقي وجود الشاب الجميل عمر مما زادني فخرا انه ابن بلدي,186,0,4,قبل 4 سنوات,لا,,2026-02-08
141,Nedaa Abdullah,3,قبل 4 سنوات,بعد ما خلصت عشاي جيت اخذت شربت قهوتي و حلا يوم ميلادي عندهم. الجلسات داخلية و خارجية مطلة على البركة الصناعية من أحد الجهات.عدد الطاولات أقل بسبب الاحترازات أظن. قلت للويترز انو يوم ميلادي و ابي حلا كويس و لما جابوه لي كانو يغنون لي هابي بيرث داي😅..الإضاءة برا ممتازة للي حابين يقرون أو ما يحبون الإضاءة الخافتة.الضيافة عندهم لقيمات. …,335,0,4,قبل 4 سنوات,لا,,2026-02-08
142,fahad afandi,5,قبل 5 سنوات,من تدخل وحتى تجلس و انت تستمتع بالمناظر والديكور الداخلي للمطعم. بالفعل تعبو عليه. الاستقبال ودودين و العمال رائعين ومتعلمين الكلمات الترحيبية اللي تخص المجتمع السعودي. …,170,0,3,قبل 5 سنوات,لا,,2026-02-08
143,Nh Alotaipi,5,قبل 3 سنوات,"المطعم رايق وجميل بالعربي فخامه من الاخر  استقبلونا بالعود والقهوه السعوديه
الاستقبال راقي وتعامل الموظفين ارقى المكان جميل جداً ويوجه بالعزايم ،، يوجد غرفه خاصه لاكثر من ١٢ شخص …",179,0,4,قبل 3 سنوات,لا,,2026-02-08
144,,4,قبل 5 سنوات,"مطعم سهيل فكرة بسيطه مطعم يقدم الاكلات السعودية بطابع مطور في التقديم والمكان والفخامة

التقييم بعد التجربة كالآتي:
المطبخ ونوعية الأكل(سعودي ).
⭐⭐⭐⭐⭐الموقع وسهولة الوصول ...
⭐⭐⭐⭐️⭐النظافة ...
⭐⭐⭐     تنوع قائمة الطعام ...
⭐⭐️⭐️⭐⭐️     الأسعار  ...
⭐⭐⭐           سرعة تجهيز الطلب ...
⭐⭐⭐⭐️           الطعم ...
⭐⭐⭐⭐        الديكورات والجلسات ...
⭐⭐                مواقف خاصة بالمطعم ...
⭐⭐    كمية الأكل في الطبق الواحد ...
⭐⭐                 راحة المقاعد والطاولات ...

ملاحظات
🍽جلسات العوائل معزولة عن الأفراد
🍽يوجد عوازل (بارتيشن)❌
🍽يوجد موسيقى✅
🍽اضاءة داخلية متوسطة✅

🍽خدمة الحجز المسبق✅
🍽تسهيلات الدخول والتنقل لذوي الهمم✅
🍽وجود صور للأطباق في المنيو (حاليا بسبب الاوضاع  لجائحة كورونا لا اعتقد وجود ذلك وكان الطلب عن طريق مسح الباركود
🍽المنيو الكتروني✅
🍽جلسات خارجية للعوائل والأفراد✅
انصح فيها بالليل بتكون شرحة وجميله تم زيارته بالنهار ولكن اعنقد الجو بالليل بيكون اجمل وافضل اللي يهمه جو المكان على نوعية الاكل 😅

هذي طلباتي
⬇️

تجربه رائعه المكان جميل وشرح والديكور راقي
وهذي طلباتي
* برياني لحم انصح فيه كثير لذيذ بصراحه 😍
* السليق مع الدجاج جيد لا بأس فيها ولا يمنع من تجربتها اللي يحبون السليق
* سلطة سهيل بالبطيخ والجبن لذيذه لذيذه مره وانصح فيها فيها تداخل بالطعم حالي ومالح صحيح غريبه لكن لذيذه 😄
الكبيبة اقل من عاديه تجربتي الشخصيه في حال زيارتي للمطعم لا يمكن طلبها
الزياره كانت لشخصين 🙏🏼

سلبيات المطعم 😔

الطاولات قريبه لبعض
السعر يعتبر مرتفع كثير مقارنة بنوعية الطعام في مطاعم اخرى تقدم نفس الاطباق

هل سأكرر الزياره : لا أعتقد
هل أنصح بتجربته : نعم

بالعافيه عليكم جميعا ❤️",1494,0,4,,لا,,2026-02-08
145,,5,قبل 5 سنوات,"مطعم سعودي قالب وقالباً (سهيل )

مكان جداً رائع وساحر بديكوره يوحي لك بالصحراء وبيت شعر
وفيه موسيقى

حبيت المكان
جلسات متعدده
يفضل الحجز
بالنهار يسمح بالاطفال وبعد العشاء ممنوع دخول الاطفال
ترحيب سعودي اصيل عند الدخول والضيافه بالقهوه العربيه ❣️👌🏼
الطاقم سعودي وكلي فخر بهم ❣️
بالامكان رويه المطبخ والطباخين عبر جدار زجاجي بداخل بيت الشعر وهذا عجبني اكثر
الاكل اللي عجبني (لذيذذذذ) :
تمن حايلي
سلطه بالقرع
سمبوسه دجاج
حلا تشيز كيك حنيني

الدخول له من الشارع وهو اللي ما كان واضح للزوار طريقه فتحه وله باب من الخلف
فيه جلسات خارجيه بالخلف بتكون رائعه بالشتاء 👌🏼
بالتاكيد ساعيد الزياره",583,0,4,,لا,,2026-02-08
146,,4,قبل 4 سنوات,"الديكور خوووورافي 😍❤️❤️❤️ وتقديم الأكل يغرف العقل ومره يواااجه تعزم فيه غالي 🤩..

فيه جلسات بالدور الثاني وجلسات خارجية.
جلسنا بالطاوله الي بالمكان الي فيه درج يفتح النفس وافضل من جلسات الداخليه أغلبه ظلام.

طلباتنا كانت :
سليق 10/10  لذيذ🤩
جريش 10/10 ألّذ شي 🤩🤩
مرقوق عادي 4/10
كبيبة عاديه 5/10
سمبوسة لحم 10/10 اعجبتنا مره 🤩.
كباب ميرو عادي 5/10

الحلا:
حنيني تشيز كيك لذيذ 10/10 🤤
خربز سهيل عبارة عن كريمة بارده في فاكهة الي هو ( شمام ) والمكس عادي مره 5/10.
القهوة العربية لذيذه لكن كمية قليلة 😬.

وعندهم ضيّافة لقيمات لكل شخص 👍🏼.

أرجع له أكيد 😍😍 المكان سااحر 😍❤️❤️",570,0,4,,لا,,2026-02-08
147,mohammed fahad,4,تاريخ التعديل: قبل 3 سنوات,"الزيارة كانت ظهر الاربعاء وفي هذا الوقت لايوجد زحام، المطعم يقدم مأكولات شعبية من مناطق متعددة في المملكة بلمسة عصرية.

التقييم:
الجودة والكمية: ١٠/٨
الديكور والنظافة: ١٠/١٠
الاستقبال والتقديم: ١٠/٩

الطلبات:
حنيذ عسيري
مفلق حساوي
شاي احمر
مياه صغيرة

الفاتورة: ٣٠٠ ريال

الملاحظات:
*الاسعار مرتفعة
*يوجد موسيقى",311,0,3,تاريخ التعديل: قبل 3 سنوات,لا,,2026-02-08
148,,4,تاريخ التعديل: قبل 3 سنوات,"الزيارة كانت ظهر الاربعاء وفي هذا الوقت لايوجد زحام، المطعم يقدم مأكولات شعبية من مناطق متعددة في المملكة بلمسة عصرية.

التقييم:
الجودة والكمية: ١٠/٨
الديكور والنظافة: ١٠/١٠
الاستقبال والتقديم: ١٠/٩

الطلبات:
حنيذ عسيري
مفلق حساوي
شاي احمر
مياه صغيرة

الفاتورة: ٣٠٠ ريال

الملاحظات:
*الاسعار مرتفعة
*يوجد موسيقى",311,0,3,,لا,,2026-02-08
149,Manar,5,قبل 4 سنوات,"طابع المكان جداً جميل ومميز ، الديكور يخليك عايش جو عربي خيالي. الشخص اللي صمم المطعم فنان ماشاء الله!

الخدمة سريعة وممتازة ، واصوات الموسيقى العربية الشرقية رايقة.

طلبنا حلى حنيني تشيز كيك (مرا لذيذ) ، وضيفونا قهوة عربية ولقيمات؛ احلى حاجة انه ماكانت شاربه زيت وحلاها خفيف. شكراً على بادرتكم اللطيفة.",303,0,4,قبل 4 سنوات,لا,,2026-02-08
150,,5,قبل 4 سنوات,"طابع المكان جداً جميل ومميز ، الديكور يخليك عايش جو عربي خيالي. الشخص اللي صمم المطعم فنان ماشاء الله!

الخدمة سريعة وممتازة ، واصوات الموسيقى العربية الشرقية رايقة.

طلبنا حلى حنيني تشيز كيك (مرا لذيذ) ، وضيفونا قهوة عربية ولقيمات؛ احلى حاجة انه ماكانت شاربه زيت وحلاها خفيف. شكراً على بادرتكم اللطيفة.",303,0,4,,لا,,2026-02-08
151,,4,قبل 3 سنوات,"السلام عليكم ورحمة الله وبركاته

أصدقاء مطاعم الرياض ، اليوم تجربتي في ســهيل

""مطعم يقدم أطباق سعودية شعبية من مختلف مناطق المملكة بشكل عصري فخم هذا بشكل عام""

•الأكل معروف للسعودين فالسعر طبيعي بيكون غالي جدًا لإن الاطباق الي عندهم تلقاها في أماكن كثيرة بسعر رخيص و جودة ممتازة

•في المطعم دورين + جلسات خارجية و مناسب للعوائل و ترحابهم فيك من دخولك الى خروجك ممتاز و جميل

•مطعم سهيل حلو لو تبي تجيب له أجانب و هذا الي صاير وقت تواجدي فيه كل الي موجودين أجانب مع سعودين يشرحون لهم الأطباق و يشجعوهم يذوقوها

•بنسبة لي التجربة ممكن تتكرر بعد مدة بسبب الأسعار بس اناقة المكان و الترحيب تستحق جية ثانية بعد فترة",611,0,4,,لا,,2026-02-08
152,Dr.N A A,5,قبل 5 سنوات,"This resturant became one of my favorite Saudi food restaurant . The saleeq, Jareesh, the meat shoulder and kubibat hail were super delicious. The restaurant and classic  and family friendly.
أصبح هذا المطعم من أحد افضل  مطاعم الاكل السعودي. كان السليق والجريش وكتف اللحم و كبيبة حائل لذيذة للغاية. المكان أنيق ومناسب  للعائلة.",327,0,3,قبل 5 سنوات,لا,,2026-02-08
153,,5,قبل 5 سنوات,"This resturant became one of my favorite Saudi food restaurant . The saleeq, Jareesh, the meat shoulder and kubibat hail were super delicious. The restaurant and classic  and family friendly.
أصبح هذا المطعم من أحد افضل  مطاعم الاكل السعودي. كان السليق والجريش وكتف اللحم و كبيبة حائل لذيذة للغاية. المكان أنيق ومناسب  للعائلة.",327,0,3,,لا,,2026-02-08
154,Aminao0oo,5,تاريخ التعديل: قبل 3 سنوات,"من أجمل وأرقى المطاعم السعودية👌🏻🇸🇦
الديكور رهييب ومقدمين الخدمه تعاملهم جدا راقي ..
الاكل لذيذ جدا ومقدم بطريقه مبتكر لاطباقنا السعودية الاصيلة ..
اكرر الزيارة اكيد✅..
@suhail_saudi",181,0,4,تاريخ التعديل: قبل 3 سنوات,لا,,2026-02-08
155,,5,تاريخ التعديل: قبل 3 سنوات,"من أجمل وأرقى المطاعم السعودية👌🏻🇸🇦
الديكور رهييب ومقدمين الخدمه تعاملهم جدا راقي ..
الاكل لذيذ جدا ومقدم بطريقه مبتكر لاطباقنا السعودية الاصيلة ..
اكرر الزيارة اكيد✅..
@suhail_saudi",181,0,4,,لا,,2026-02-08
156,,3,قبل 3 سنوات,"الموقع جيد من حيث سهولة الوصول
الديكور و الراحة جيد عدا السقف الاحمر
الجلسات الخارجية روعة
الأكل حسب الطبق بعضها ممتاز و بعضها عادي
الأسعار 🔥  و بعد السؤال ما اقنعني التبرير
حبيت السليق الطايفي و الرز الحساوي
كمية الأكل قليلة في الطبق
ما أعتقد أكرر التجربة مرة ثانية",266,0,4,,لا,,2026-02-08
157,Nahla Suliman,4,قبل 5 سنوات,"مطعم شعبي بطابع عصري ..
الجلسات و الخدمة جميلة
تارت الحنيني لذيذ و مبتكر اعجبني جدا و اللقيمات حلوه بس تحتاج تصغير 😅
الاكل بصفة عامة لذيذ لكن كميته قليله جدا مقارنه بالسعر المرتفع
فيه موسيقى و الجلسات داخلية و خارجية",216,0,4,قبل 5 سنوات,لا,,2026-02-08
158,,4,قبل 5 سنوات,"مطعم شعبي بطابع عصري ..
الجلسات و الخدمة جميلة
تارت الحنيني لذيذ و مبتكر اعجبني جدا و اللقيمات حلوه بس تحتاج تصغير 😅
الاكل بصفة عامة لذيذ لكن كميته قليله جدا مقارنه بالسعر المرتفع
فيه موسيقى و الجلسات داخلية و خارجية",216,0,4,,لا,,2026-02-08
159,تجاربي,3,قبل 4 سنوات,"مطعم يقدم الاطباق السعودي من عدة مناطق بطريقه مبتكره
‏حبيت المكان جدا جميل والاجواء خرافيه ..
‏حبيت طريقة التقديم ..
‏جربت
‏شوربة بطاطس حلوة
‏سلطة حبحب
‏كبيبة حائليه
‏منتو المدينه
‏مطبق
‏سليق طائفي
‏كباب ميرو
‏المفلق الحساوي
‏الحنيذ العسيري",240,0,4,قبل 4 سنوات,لا,,2026-02-08
160,,3,قبل 4 سنوات,"مطعم يقدم الاطباق السعودي من عدة مناطق بطريقه مبتكره
‏حبيت المكان جدا جميل والاجواء خرافيه ..
‏حبيت طريقة التقديم ..
‏جربت
‏شوربة بطاطس حلوة
‏سلطة حبحب
‏كبيبة حائليه
‏منتو المدينه
‏مطبق
‏سليق طائفي
‏كباب ميرو
‏المفلق الحساوي
‏الحنيذ العسيري",240,0,4,,لا,,2026-02-08
161,Bndr,4,قبل 5 سنوات,"مطعم سعودي فاخر مميز ب (بعض الأكلات السعودية) على الطريقة العالمية
اهم ما جذبني وافتخر به.. وجود طاقم شباب سعودي كامل من دخولك للباب وحتى حساب الفاتورة..
قد يعيبه ارتفاع الأسعار.. ولكن مستوى المطعم كما ذكرت مصنف ضمن المطاعم العالمية الراقية
يفضّل الحجز عن طريق تطبيق my table او الاتصال",286,0,4,قبل 5 سنوات,لا,,2026-02-08
162,,4,قبل 5 سنوات,"مطعم سعودي فاخر مميز ب (بعض الأكلات السعودية) على الطريقة العالمية
اهم ما جذبني وافتخر به.. وجود طاقم شباب سعودي كامل من دخولك للباب وحتى حساب الفاتورة..
قد يعيبه ارتفاع الأسعار.. ولكن مستوى المطعم كما ذكرت مصنف ضمن المطاعم العالمية الراقية
يفضّل الحجز عن طريق تطبيق my table او الاتصال",286,0,4,,لا,,2026-02-08
163,Asma Alsalem,3,قبل 5 سنوات,"مطعم يقدم أكلات سعودية شعبية بطريقة فاخرة وجميلة... الاستقبال رائع، والشباب السعوديين قمة في الأخلاق والرقي والأدب والاحترافية العالية... ديكور المكان مبهر وأخاذ وجميل جداً.
من ناحية الأكل مخيب للآمال صراحة، الأكل يوصلنا ""فاتر"" مب حار وقطع اللحم غريبة كأنها منتفه وأغلبها عظم.
الأسعار مرتفعة جداً جداً جداً جداً.",312,0,3,قبل 5 سنوات,لا,,2026-02-08
164,,3,قبل 5 سنوات,"مطعم يقدم أكلات سعودية شعبية بطريقة فاخرة وجميلة... الاستقبال رائع، والشباب السعوديين قمة في الأخلاق والرقي والأدب والاحترافية العالية... ديكور المكان مبهر وأخاذ وجميل جداً.
من ناحية الأكل مخيب للآمال صراحة، الأكل يوصلنا ""فاتر"" مب حار وقطع اللحم غريبة كأنها منتفه وأغلبها عظم.
الأسعار مرتفعة جداً جداً جداً جداً.",312,0,3,,لا,,2026-02-08
165,,5,قبل 4 سنوات,"سهيل

موقعه : النخيل "" طريق الدائري الشمالي ""

الاستقبال رائع و الخدمة ممتازة ❤️😍
و المكان ديكوره مميز و عربي 😍❤️ يعيشك جو مختلف ❤️
و فيه جلسات داخليه دورين و خارجية ..

قدمو لنا ضيافة

طلباتنا

الحنيذ العسيري 145 ريال
لذذذيذ 🤤♥️

تمن حائل بـ 80 ريال لذيذ
جريش الرياض بـ 80 ريال لذيذ
رز حساوي اظن انه مع اللحم جاي 🤣👀
كبيبة حائل بـ 65 ريال لذيذه
مطبق بالخضار بـ 52 ريال عادي 😅
عصير أناناس بـ 47 ريال

و في النهاية تم تقديم لنا لقيمات و قهوة عربية ضيافة منهم 😅❤️القهوة مضبوطه و اللقيمات عادية 🤭

و سألتني اذا مرتاحين في المكان و اذا نحتاج كرسي اطفال ..

يوجد موسيقى
مسموح الاطفال
يحتاج حجز
حسابهم : ‏@suhail_saudi",611,0,4,,لا,,2026-02-08
166,,5,قبل 3 سنوات,"مطعم جميل ورائع ولذيذ طلباتنا
سليق طائفي 10/10
كبيية حائل زي ورق العنب 10/10
سلطة حبحب 10/20
كلها جميله جدا
واشكر كل الشكر
الاخت مشاعل استقبالها اكثر من رائع وبنت خلوقه وقمة بالاحترام اتمنى استمرارها بهذا المكان ونشوفها بالأعلى يارب
اخيرا لنا عوده لكم بإذن الله

سنعوووود",271,0,4,,لا,,2026-02-08
167,,4,قبل 3 سنوات,"تجربتي لمطعم سهيل
المكان: جميل الديكور 👌🏻التعامل رائع
الجلسات: بدون بارتيشن ، الخارجية روعة
الاكل: ممتاز ⭐️ نكهة اكل بيت بس التقديم فاخر
للاسف يوجد موسيقى 💔👎🏻",158,0,4,,لا,,2026-02-08
168,,5,قبل 3 سنوات,"حقيقة مطعم رائع
الاكل ممتاز ولذيذ وكان طلبي كالاتي:
سلطة
مغش السمك الجيزاني مع الرز
عيش حساوي بالدجاج

ديكوره وجلساته ممتازة وجميله ومريحة
والموظفين جيدين
ويستحق الزيارة

يفضل الاتصال من اجل الحجز بدلا من تاتي وتنتظر

‎‎9200 02690",230,0,4,,لا,,2026-02-08
169,,5,قبل 5 سنوات,"مطعم يترجملك فخامه السعوديه❤️
يحتاج حجز ومسموح الاطفال
اهتمام بأدق التفاصيل
لو مشتاق للاكل السعودي، عندك اصحاب جايين للسعوديه للمره الاولى، اجتماع عمل او جلسه رومانسيه رايقه لاتفوت هالمكان
المنيو منوع وفيه اصناف من كل انحاء المملكه مطبوخه على مستوى عالي من الاحترافيه
سليق الطائف على اصوله فعلا طائفي
تمن حائل لذيذ
لحم مقلقل مع الكبده لو  ماتفضلون انهم مع بعض
لاتطلبونه
الديكور التجريدي للهويه السعوديه الفاخره والموسيقى بدون كلمات للاغاني السعوديه اعطت لذاذه وجو رائع للمكان

فخوره والف قبله للاجواء السعوديه الفخمة بهالمكان
راح  احجز لاجتماع عمل بهالمكان المميز
راح اجرب المره القادمه المفلق الحساوي بالروبيان ومغش السمك الجيزاني بحكم انها اطباق مميزه عندهم بترشيح الشيف

Such an extraordinary must-try Saudi Restaurant, especially if you are visiting Saudi for the first time!

The interior, the Saudi music and the different traditional Saudi dishes from all around the kingdom are worth the visit.
You need to make reservation and children are allowed ;)
The dishes are cooked by a professional cook; I am so proud. Next time I will book it for a business meeting.

Looking for a romantic evening, a business meeting or your friends wants to try Saudi dishes, don’t miss this place in Riyadh 😏🔥",1199,0,4,,لا,,2026-02-08
170,منى عبدالله,5,قبل سنتين,"من افخم المطاعم اللي زرتها
الاكل لذيذذ التقديم مررره مميز خدمتهم جداً سريعه والموظفين بشوشين
طلبت منهم حنيذ عسيري وكبيبه حايليه ومنتو ومفلق
كل طبق احلى من الثاني
ارجع له مرتين وثلاث بعد",185,0,4,قبل سنتين,لا,,2026-02-08
171,,5,قبل سنتين,"من افخم المطاعم اللي زرتها
الاكل لذيذذ التقديم مررره مميز خدمتهم جداً سريعه والموظفين بشوشين
طلبت منهم حنيذ عسيري وكبيبه حايليه ومنتو ومفلق
كل طبق احلى من الثاني
ارجع له مرتين وثلاث بعد",185,0,4,,لا,,2026-02-08
172,,5,قبل سنتين,استقبالهم وخدمتهم روعه ظافر احرجنا باخلاقه وتعامله وضيافته و تقديمه القهوه والحلى ومع اني جيت بدون حجز لكن لقيت مكان لان الوقت كان ما فيه زحام الاكل روعه وفوق ما توقعت بصراحه يستحق اكثر من خمس نجوم,197,0,4,,لا,,2026-02-08
173,,3,تاريخ التعديل: قبل 5 سنوات,"مطعم اكل سعودي بطريقة مبتكره ديكوراته مستوحاه من البيئة السعوديه اجوائه حلوه للشباب او العايله او  زوار للبلد  جلسته رايقة
اكله لذيذ جدا بس اسعاره مرتفعه شوي
خيارات الحلى محدوده جدا كمية الاكل تعتبر قليله جدا مقارنة بالسعر خصوصا الكبسه😁صحن تحط فيه ملعقتين رز ماتعبي عيونا😂 بس للامانه بعد مادفعت الفاتوره دريت انك ممكن تطلب زيادة رز مجانا 😁😍

Instagram: ‏diva_memories20",369,0,4,,لا,,2026-02-08
174,,4,قبل 4 سنوات,"المكان رايق و هدوء والاستقبال ماشاءالله ذوق ولباقه
حجزت لشخصين عن طريق موقعهم
غداء كان
جميل الجو و الجلسات كنت حابه الجلسات الدور الارضي لكن للاسف مليانه كانت فجلسات بالدور الثاني
عموما المكان راقي جداً
جابوا ضيافه قرصان وصوص بطريقة حلوه حبيت
طلبنا كبيبة حايل و سلطة حبحب و تمن حايل و كبسة لحم واثنين بيبسي
و التخلية كانت خربز سهيل
كل الطلبات تجنن للامانه بس السلطه كلها جرجير و قليل فيها الحبحب و جبن الماعز

الحلا يجنن خورافي يفوز باحلى شي
اخر شي من المطعم يقدم لك بعد الوجبه قهوة عربي و لقيمات",496,0,4,,لا,,2026-02-08
175,,3,قبل 5 سنوات,"الديكور  ممتاز ورايق ...الجلسات مريحة والطعام لذيذ جدا ...متنوع بين مناطق المملكة ...الاسعار مرتفعة جدا
اسوأ مافيه الخدمة على الرغم ان النّدل لطيفين لكن لازم تصيد احدهم عشان يخدمك ...بمجرد ان يتم اجلاسك على طاولتك ينسونك تماما حتى تروح تنادي واحد منهم
نصيحة اذا عندك ضيف تستحي منه لاتروح به هناك",295,0,4,,لا,,2026-02-08
176,,5,قبل سنتين,"مكان عريب جدا ممزوج بين الماضي والحاضر ،والتصميم الشاعري البهي لطبيعة الاصول العربية.
جدا ممتنة للمصمم/ة والأيادي العاملة بالمطعم وشكرا لاختياركم للمضيف خلوق وممثل رائع لضيافة السعودية🤎🤎🤎🤎🤎🤎🤎🤎🤎🤎🤎🤎🤎🤎. …",201,0,4,,لا,,2026-02-08
177,,5,قبل 5 سنوات,"المكان جميل 😍
بيكون إضافه مميزه لمطاعم الرياض .. منيو وأطباق سعوديه بلمسه عصريه

والأكل كان جدا لذيذ 👌🏻
والموظف محمد القحطاني قمه في الاحترام  ماقصر الله يجزاه خير
يعطيه الف العافيه 👍🌹",184,0,4,,لا,,2026-02-08
178,,4,قبل 5 سنوات,المكان جميل وأنيق ويستحق الزياره والموظف توفيق كان جداً لبق ومقدم الطعام كان شاب سعودي⭐️مؤدب وشرح لنا الأصناف بالموجز المفيد ملاحظتي ان صحن السليق لازم يكون عميق أبداً مو صحيح كذا نص دجاجه على كمية قليلة جداً شكراً على الاستقبال والواجهه الحلوه لأي ضيف أجنبي لمملكتنا,267,0,4,,لا,,2026-02-08
179,,5,قبل 4 سنوات,تجربة جدا مميزة مع المطبخ السعودي الفاخر بأيادي سعودية فخور جدا بتجربتي مع هذا المطعم اللذيذ والمميز 🔥 بعد الغداء قدمو لنا ضيافة لقيمات جدا لذيذة مع القهوة ❤️,158,0,4,,لا,,2026-02-08
180,,5,قبل سنتين,رائع بكل ماتعنيه الكلمه اكل كل مناطق السعوديه عندهم فرش وحلو وديكورات جميلة شكرا من القلب والموظفين محترمين جدا خاصه زياد الشريف وصدف 🇰🇼❤️,138,0,4,,لا,,2026-02-08
181,,5,قبل سنة,"مطعم بالمجمع يقدم طبخات شعبيه سعوديه بطريقة عصريه
طلب نفر حنيذ ، مغش سمك
خدمة وظيافة جميلة من الموظف 🤍
الذ حنيذ ممكن تجربونه",124,0,4,,لا,,2026-02-08
182,,5,قبل 3 سنوات,"مطعم رائع يقدم اروع الاطباق السعودية بجودة عالية ..

تجربة العميل وأجواء المكان جميلة والخدمة اكثر من رائعة

شكراً سهيل ✨",121,0,4,,لا,,2026-02-08
183,,4,قبل سنتين,"اجواء المطعم رايقة مرة
طلبنا كان لشخصين

اول ما دخلنا ضيفونا قهوة عربية ولقيمات

طلبنا حنيذ عسيري مع ارز اعطيه ٨ من ١٠
الحنيذ لذيذ بس الرز احس ناقصه شي ممكن صوص عشان يعطيه نكهة لأن مافيه نكهة والكشنة عليه جداً قليلة ما تنشاف

وطلبنا منتو ٨ من ١٠ طعمه عادي

وعصير برتقال وبيبسي

شوي غالي صراحة مقارنة بكمية الأكل

الفاتورة ٢٧١ ريال",330,0,4,,لا,,2026-02-08
184,,5,قبل 3 سنوات,اذا فيه اكثر من خمسه بعطي الديكور السعودي يجنن والمينو حبيت مره جربت المغش والقرصان لحم نجدي والمفلق الحساوي والتمن  والمطبق والسلطات كل شي يجنن الشاي بعد وطريقة التقديم مبدعين الخدمه تجنن والتعامل راقي ارجع له,210,0,4,,لا,,2026-02-08
185,,5,قبل 4 سنوات,رررررروعه المكان والاكل كل شي لذيذ والتقديم رائع والمضيفين بالمطعم قمه بالاخلاق فعلاً مكان يستلهل الزياره اكثر من مره والجلسات برا اتوقع بالليل تكون جميله,154,0,4,,لا,,2026-02-08
186,,5,قبل سنتين,"مطعم سعودي بطريقة مُعاصرة

يجمع لكم عراقة المكان التراثي بنكهة المطبخ السعودي الفاخر  . الاكل لذيذ و الرز الحساوي 👍🏼",116,0,4,,لا,,2026-02-08
187,,4,قبل 3 سنوات,"المطعم رائع يظهر الطابع السعودي بطريقه مبتكره وراقيه لو عندك صديق اجنبي جميل تعزمه فيه
الاسعار معقوله
التقديم مبتكر
الديكور سعودي مودرن
الذ الاطباق الكبيبه الحايليه",164,0,4,,لا,,2026-02-08
188,,3,قبل 4 سنوات,مطعم جميل واكل لذيذ وموظفين قمة الاحترام والادب لكن كميات قليله جدا جدا بس لذيذه يعني تبي تنقنق احجز عندهم,106,0,4,,لا,,2026-02-08
189,,5,قبل 4 سنوات,تجربة جميلة جداً … استقبال خدمات تقديم كل شي جميل .. صح الاسعار شوي عاليه بس تستاهل على الطعم اللذيذ …,102,0,3,,لا,,2026-02-08
190,,4,قبل 3 سنوات,"المكان راقي جدا
الخدمة متميزة والتقديم ممتاز جدا جدا
الأكل عادي إلى جيد جدا …",77,0,4,,لا,,2026-02-08
191,,5,قبل 4 سنوات,المطعم جداً جميل ورائع الديكور فخم والأكل لذيذ جربت الجريش رووووعه 10/10 والقرصان والكبسه والسلطات عندهم نوعين كلها رائعه 👌 والقهوه لذيذه الحلى جربته كله كنا مجموعه والكل يقول لذيذ واللقيمات ضيافه من عندهم والخدمه جداً جميله سواء بالحجز او داخل المطعم أسعارهم غاليه شوي بس يستاهلون 😍 زرته مرتين ولي رجعه ان شاءالله …,316,0,4,,لا,,2026-02-08
192,,3,قبل 4 سنوات,"زرته المكان من فترة
المكان جميل ورائع يفتح النفس فعلاً والتهوية فيه رائعة وشرح😍♥️
للأكل كان غير لذيييذ ما اعجبني ولا اعجب صديقتي ابداً …",136,0,4,,لا,,2026-02-08
193,,5,قبل 4 سنوات,من اجمل المطاعم بالرياض انا يمكن هذي زيارتي 8له من الذ ماذقته بس الاسعار مرتفعه  والسليق عندهم ادمان كما لفت نظري بشاشة وجمال اسلوب ورقي وجود الشاب الجميل عمر مما زادني فخرا انه ابن بلدي,186,0,4,,لا,,2026-02-08
194,,3,قبل 4 سنوات,بعد ما خلصت عشاي جيت اخذت شربت قهوتي و حلا يوم ميلادي عندهم. الجلسات داخلية و خارجية مطلة على البركة الصناعية من أحد الجهات.عدد الطاولات أقل بسبب الاحترازات أظن. قلت للويترز انو يوم ميلادي و ابي حلا كويس و لما جابوه لي كانو يغنون لي هابي بيرث داي😅..الإضاءة برا ممتازة للي حابين يقرون أو ما يحبون الإضاءة الخافتة.الضيافة عندهم لقيمات. …,335,0,4,,لا,,2026-02-08
195,,5,قبل 5 سنوات,من تدخل وحتى تجلس و انت تستمتع بالمناظر والديكور الداخلي للمطعم. بالفعل تعبو عليه. الاستقبال ودودين و العمال رائعين ومتعلمين الكلمات الترحيبية اللي تخص المجتمع السعودي. …,170,0,3,,لا,,2026-02-08
196,,5,قبل 3 سنوات,"المطعم رايق وجميل بالعربي فخامه من الاخر  استقبلونا بالعود والقهوه السعوديه
الاستقبال راقي وتعامل الموظفين ارقى المكان جميل جداً ويوجه بالعزايم ،، يوجد غرفه خاصه لاكثر من ١٢ شخص …",179,0,4,,لا,,2026-02-08
197,Maymonah AS,4,قبل 5 سنوات,"الاكل جداً لذيذ خصوصا المنتو والمفلق الحساوي،
الخدمة جيده جداً تعامل المضيفين رائع والجميل ان معظمهم سعوديين، الاسعار متوقعه جداً ومقبوله لمطعم بهذا التصنيف، الكميات جيده جدا ومشبعة.

للي بيزوره قهوه ما فيه خيارات كثير للحلا بس الجلسات جميلة جداً واعتقد انه يستحق الزيارة ولو مره.

الي ضايقني هو ان ما فيه محور حركه واحد فا وين ما جلست ممكن الناس تمر من جنبك او تصورك، وايضاً منطقة الانتظار مره قريبه من الجلسات ويكون الوضع شوي مزعج للي جالسين اتمنى لو فيه طريقة تعطي الجالسين خصوصيه افضل وهدوء اكثر.",500,0,4,قبل 5 سنوات,لا,,2026-02-08
198,,4,قبل 5 سنوات,"الاكل جداً لذيذ خصوصا المنتو والمفلق الحساوي،
الخدمة جيده جداً تعامل المضيفين رائع والجميل ان معظمهم سعوديين، الاسعار متوقعه جداً ومقبوله لمطعم بهذا التصنيف، الكميات جيده جدا ومشبعة.

للي بيزوره قهوه ما فيه خيارات كثير للحلا بس الجلسات جميلة جداً واعتقد انه يستحق الزيارة ولو مره.

الي ضايقني هو ان ما فيه محور حركه واحد فا وين ما جلست ممكن الناس تمر من جنبك او تصورك، وايضاً منطقة الانتظار مره قريبه من الجلسات ويكون الوضع شوي مزعج للي جالسين اتمنى لو فيه طريقة تعطي الجالسين خصوصيه افضل وهدوء اكثر.",500,0,4,,لا,,2026-02-08
199,A,5,قبل 4 سنوات,اول شى لفت نظري حسن الاستقبال وصلت قبل صديقاتي استقبلوني استقبال حسن وضيفوني بقهوة عربي كان طعمها مضبوط بالمخ، ثانيًا الديكور روعة صراحة فكرة ابداعية ، الحلا كان لذيذ. وغريب,173,0,4,قبل 4 سنوات,لا,,2026-02-08
200,NORAH MAPS,5,قبل سنتين,"المطعم يقدم الاكلات السعودية والشعبية
كانت تجربة رائعة
الاكل لذذذذذذيذ جداً 😋 …",79,0,4,قبل سنتين,لا,,2026-02-08
201,Nuha AlZahrani,3,قبل 4 سنوات,"عطيتك ثلاث نجمات عشان الحو العام جميل وكانوا جايبيبن فرقه لليوم الوطني المطعم جلساته واجواءه جميله
بالنسبه لجودة الاكل ولذته عني مااكرر التجربه جداً مرتفع السعر بالنسبه لجودة …",176,0,4,قبل 4 سنوات,لا,,2026-02-08
202,Walaa,6,قبل 5 سنوات,"مطعم سعودي عصري وسبب انه عصري هو الاثاث والصحون وطريقة التقديم ولا يوجد اي شي جديد في الطعم (النكهة) ، ماضبطو النكهات واكلهم اقل من العادي
يعني كمثال على فقدانهم النكهة سلطتهم حقت الجح تفتقر للمكونات ولايوجد عليها صلصة …",220,0,3,قبل 5 سنوات,لا,,2026-02-08
203,tahani M,3,قبل سنة,المطعم  اطباقه سعوديه اجواءه جميله جداً اكلهم عادي نسيت اصوره من الجوع طلبنا مفلق حساوي كان جيد وسليق وسلطه الاكل جيد وكبيبه حبيتها,131,0,3,قبل سنة,لا,,2026-02-08
204,SULTAN AL RUMAYH,3,قبل 5 سنوات,اعتقد المطعم يفتقد الكادر البشري على الرغم من قلة المضيفين الا انهم نشيطين و يحاولون يخدمون الكل …,98,0,4,قبل 5 سنوات,لا,,2026-02-08
205,عبدالرحمن الخرجي,4,قبل 5 سنوات,"مطعم مميز في كل شي . الديكورات والطاقم الطاولات والكراسي مريحة للجلسة.
الاكل لاول مرة اجد الاكل السعودي على اصولة الطعم وفن التقديم.
بالاخير يودعونك بضيافة .
شكرا شكرا",167,0,4,قبل 5 سنوات,لا,,2026-02-08
206,ريم الصالح,5,قبل سنة,الحنيذ لذيييذ معاه رز وزبادي وطحينيه وعسل وأول مره اجربه مع العسل لذيذ لذيذ بس عيب المطعم باااارد الأكل يبرد بسرعه 😂 …,118,0,4,قبل سنة,لا,,2026-02-08
207,,5,قبل 4 سنوات,اول شى لفت نظري حسن الاستقبال وصلت قبل صديقاتي استقبلوني استقبال حسن وضيفوني بقهوة عربي كان طعمها مضبوط بالمخ، ثانيًا الديكور روعة صراحة فكرة ابداعية ، الحلا كان لذيذ. وغريب,173,0,4,,لا,,2026-02-08
208,,5,قبل سنتين,"المطعم يقدم الاكلات السعودية والشعبية
كانت تجربة رائعة
الاكل لذذذذذذيذ جداً 😋 …",79,0,4,,لا,,2026-02-08
209,,3,قبل 4 سنوات,"عطيتك ثلاث نجمات عشان الحو العام جميل وكانوا جايبيبن فرقه لليوم الوطني المطعم جلساته واجواءه جميله
بالنسبه لجودة الاكل ولذته عني مااكرر التجربه جداً مرتفع السعر بالنسبه لجودة …",176,0,4,,لا,,2026-02-08
210,,3,قبل سنة,المطعم  اطباقه سعوديه اجواءه جميله جداً اكلهم عادي نسيت اصوره من الجوع طلبنا مفلق حساوي كان جيد وسليق وسلطه الاكل جيد وكبيبه حبيتها,131,0,3,,لا,,2026-02-08
211,,3,قبل 5 سنوات,اعتقد المطعم يفتقد الكادر البشري على الرغم من قلة المضيفين الا انهم نشيطين و يحاولون يخدمون الكل …,98,0,4,,لا,,2026-02-08
212,,4,قبل 5 سنوات,"مطعم مميز في كل شي . الديكورات والطاقم الطاولات والكراسي مريحة للجلسة.
الاكل لاول مرة اجد الاكل السعودي على اصولة الطعم وفن التقديم.
بالاخير يودعونك بضيافة .
شكرا شكرا",167,0,4,,لا,,2026-02-08
213,,5,قبل سنة,الحنيذ لذيييذ معاه رز وزبادي وطحينيه وعسل وأول مره اجربه مع العسل لذيذ لذيذ بس عيب المطعم باااارد الأكل يبرد بسرعه 😂 …,118,0,4,,لا,,2026-02-08
214,AG Al,5,قبل 5 أشهر,"مطعم سعودي يقدم اطباق شعبية من جميع المناطق السعودية
‏الجلسات الخارجية رايقة جدا خاصة الفترة هذي
‏⁦‪",100,0,4,قبل 5 أشهر,لا,,2026-02-08
215,,5,قبل 5 أشهر,"مطعم سعودي يقدم اطباق شعبية من جميع المناطق السعودية
‏الجلسات الخارجية رايقة جدا خاصة الفترة هذي
‏⁦‪",100,0,4,,لا,,2026-02-08
216,abdulhameed alzahrani,6,قبل 5 أشهر,للأسف أنا زرت مطعم صهيل قبل ثلاث سنوات وكان فعلا راااااائع من ناحيه الاكل خصيصا كان لذيذ جدا جدا ولكن وللأسف زرته اليوم والأكل كان سيء اللحم واضح انه ماهو طازج الكبة واضح انها من اكثر من شهور في الفريزر ويابسه جدا لدرجه اني رفضتها ورجعتها السعر مبااااااالغ فيه جدا مقارنه بمستوى الاكل,284,0,0,قبل 5 أشهر,لا,,2026-02-08
217,تُقَى م. ع (‪Toqamaa‬‏),4,قبل 6 أشهر,"مطعم سهيل، الرائد بتصميمه الفريد بانعكاس الصحراء على الجدران الخشبية، وتداخل الخيمة البدوية مع الجلسات العصرية، وألوان الطبيعة السعودية، ومع إطلالة على مطبخ التحضير الجميل، الحجز عن طريق الموقع يظهر أنه ممتلئ لكن عند الحجز بالاتصال متاح، لوحة المحل غير واضحة وصغيرة جدًا، والخدمة ممتازة ونشكر الموظف رياض على تعاونه، توجد جلسات كثيرة ومتنوعة، الجو دافئ وقريب للحار، يوجد جلسات داخلية وخارجية.

الطلب كان:
شوربة جريش
كبسة لحم
عصير جح
الإكرامية: لقيمات مع قهوة سعودية

الأصناف محيرة بالاختيار حيث بعضها لا يحتوي على بروتين، وبعضها من دون رز أو بكمية قليلة جدًا، والطعم عادي يشبه أكل البيت مع ذلك استمتعنا بالأجواء، ونتمنى الإبداع أكثر في الوصفات 🤎",645,0,4,قبل 6 أشهر,لا,,2026-02-08
218,Maha .s,4,قبل 6 أشهر,"مكان حلو والخدمه ممتازه جربنا الحنيذ عادي لحم مافي نكهة الحنيذ والهريس حالي شوي طعم القرفه واضحه
كبيبهرحايل والسمبوسه حلوه  سلطه الجوف حلوه",139,0,1,قبل 6 أشهر,لا,,2026-02-08
219,,4,قبل 6 أشهر,"مطعم سهيل، الرائد بتصميمه الفريد بانعكاس الصحراء على الجدران الخشبية، وتداخل الخيمة البدوية مع الجلسات العصرية، وألوان الطبيعة السعودية، ومع إطلالة على مطبخ التحضير الجميل، الحجز عن طريق الموقع يظهر أنه ممتلئ لكن عند الحجز بالاتصال متاح، لوحة المحل غير واضحة وصغيرة جدًا، والخدمة ممتازة ونشكر الموظف رياض على تعاونه، توجد جلسات كثيرة ومتنوعة، الجو دافئ وقريب للحار، يوجد جلسات داخلية وخارجية.

الطلب كان:
شوربة جريش
كبسة لحم
عصير جح
الإكرامية: لقيمات مع قهوة سعودية

الأصناف محيرة بالاختيار حيث بعضها لا يحتوي على بروتين، وبعضها من دون رز أو بكمية قليلة جدًا، والطعم عادي يشبه أكل البيت مع ذلك استمتعنا بالأجواء، ونتمنى الإبداع أكثر في الوصفات 🤎",645,0,4,,لا,,2026-02-08
220,,4,قبل 6 أشهر,"مكان حلو والخدمه ممتازه جربنا الحنيذ عادي لحم مافي نكهة الحنيذ والهريس حالي شوي طعم القرفه واضحه
كبيبهرحايل والسمبوسه حلوه  سلطه الجوف حلوه",139,0,1,,لا,,2026-02-08
221,Just Me,6,قبل 6 أشهر,صراحة وبكل صدق الأطباق جدا عادية بالنسبة للسعر والكمية!! طلبنا كبسة لحم وحنيذ عسيري واللحم بالغصيبة يتقسم ما اعرف هل هوا ما استوى استواء كامل او ايش مني عارفة! وكباب ميرو ناااشف مرا ، بالنسبة للمقبلات كانت حلوة زي المنتو والفرموزة بالجبن ، الكبيبة عادية ورق عنب كأنها بس ناقصه حموضة,282,0,0,قبل 6 أشهر,لا,,2026-02-08
222,نفال الحارثي,5,قبل 7 أشهر,"مطعم سهيل
المطعم راقي وجلساته مريحة
فيه داخليه وخارجية
يتميز بالاكلات الشعبية
الخدمة مميزة
يتميز بالأكلات الشعبية وصراحة الطعم فاخر
وموقعه مميز في مجمع راقي كله مناظر حلوه ومطاعم وكفيات

الطلبات كانت
كبسه رز ابيض وشواية
وجريش
وكانت لذيذه وطعمه حلو
انصح بزيارته",260,0,4,قبل 7 أشهر,لا,,2026-02-08
223,,5,قبل 7 أشهر,"مطعم سهيل
المطعم راقي وجلساته مريحة
فيه داخليه وخارجية
يتميز بالاكلات الشعبية
الخدمة مميزة
يتميز بالأكلات الشعبية وصراحة الطعم فاخر
وموقعه مميز في مجمع راقي كله مناظر حلوه ومطاعم وكفيات

الطلبات كانت
كبسه رز ابيض وشواية
وجريش
وكانت لذيذه وطعمه حلو
انصح بزيارته",260,0,4,,لا,,2026-02-08
224,gdeer 72,5,قبل 11 شهرًا,اكلت عندهم ٤ أطباق السليق والهريس باللحم وسمبوسه لحم وكبه حايل 🙏🏻😋 صراحه المطعم فوق التقيم لذيذ جداً والكميه حلوه …,115,0,4,قبل 11 شهرًا,لا,,2026-02-08
225,,5,قبل 11 شهرًا,اكلت عندهم ٤ أطباق السليق والهريس باللحم وسمبوسه لحم وكبه حايل 🙏🏻😋 صراحه المطعم فوق التقيم لذيذ جداً والكميه حلوه …,115,0,4,,لا,,2026-02-08
226,gdeer 72,5,قبل 11 شهرًا,اكلت عندهم ٤ أطباق السليق والهريس باللحم وسمبوسه لحم وكبه حايل 🙏🏻😋 صراحه المطعم فوق التقيم لذيذ جداً والكميه حلوه,113,0,4,قبل 11 شهرًا,لا,,2026-02-08
227,,5,قبل 11 شهرًا,اكلت عندهم ٤ أطباق السليق والهريس باللحم وسمبوسه لحم وكبه حايل 🙏🏻😋 صراحه المطعم فوق التقيم لذيذ جداً والكميه حلوه,113,0,4,,لا,,2026-02-08
